Customer_ID,Email,Phone,Address,City,Country,Postal_Code,Last_Updated_Date,Preferred_Contact_Method
5524,customer5524@example.com,9637469267,373 Sample Street,Mumbai,Singapore,275203,2023-08-14,SMS
2174,customer2174@example.com,9725417514,161 Sample Street,Chennai,Singapore,284779,2025-02-22,Email
4141,customer4141@example.com,9580926382,485 Sample Street,Delhi,Singapore,628178,2024-03-26,SMS
6182,customer6182@example.com,9486138198,346 Sample Street,Mumbai,India,168148,2023-07-19,Email
5324,customer5324@example.com,9367203173,2 Sample Street,Singapore,Singapore,559773,2023-01-01,Email
7446,customer7446@example.com,9593519193,270 Sample Street,Bangalore,Singapore,635822,2024-10-03,SMS
965,customer965@example.com,9687414798,764 Sample Street,Bangalore,India,532315,2024-12-18,Email
6177,customer6177@example.com,9808687077,63 Sample Street,Kolkata,India,236330,2024-08-21,Email
4855,customer4855@example.com,9072204969,41 Sample Street,Delhi,India,807611,2025-08-20,Phone
5899,customer5899@example.com,9871066742,684 Sample Street,Chennai,Singapore,556551,2024-01-07,Email
1994,customer1994@example.com,9202420496,767 Sample Street,Pune,Singapore,997421,2023-08-15,Email
387,customer387@example.com,9899260334,407 Sample Street,Hyderabad,Singapore,827270,2023-12-15,Phone
2125,customer2125@example.com,9362519845,796 Sample Street,Pune,India,981691,2024-04-22,Email
8180,customer8180@example.com,9396860088,628 Sample Street,Kolkata,Singapore,227948,2023-12-19,Phone
2569,customer2569@example.com,9265784029,684 Sample Street,Mumbai,India,265838,2023-09-28,SMS
2114,customer2114@example.com,9578300936,386 Sample Street,Pune,Singapore,582690,2025-09-11,SMS
9736,customer9736@example.com,9407001156,997 Sample Street,Mumbai,Singapore,531839,2025-05-22,SMS
4939,customer4939@example.com,9021495636,203 Sample Street,Bangalore,India,209751,2025-09-01,Email
6565,customer6565@example.com,9057431550,201 Sample Street,Bangalore,Singapore,710490,2025-02-10,Phone
2278,customer2278@example.com,9233292236,820 Sample Street,Chennai,India,501896,2024-04-02,SMS
9360,customer9360@example.com,9617088169,611 Sample Street,Pune,Singapore,247718,2023-01-01,Phone
5376,customer5376@example.com,9983010446,9 Sample Street,Pune,Singapore,369544,2025-09-25,SMS
1993,customer1993@example.com,9223757073,587 Sample Street,Chennai,Singapore,478480,2024-11-08,SMS
4047,customer4047@example.com,9573282811,706 Sample Street,Delhi,Singapore,102869,2025-07-23,Email
1409,customer1409@example.com,9830304377,135 Sample Street,Kolkata,India,710704,2024-04-02,Phone
7892,customer7892@example.com,9025655525,776 Sample Street,Bangalore,India,250810,2023-01-01,Email
2404,customer2404@example.com,9140042320,512 Sample Street,Bangalore,Singapore,566960,2025-07-14,Phone
5255,customer5255@example.com,9452847042,700 Sample Street,Hyderabad,India,748307,2025-06-25,Email
9422,customer9422@example.com,9460218959,323 Sample Street,Bangalore,India,545101,2023-11-02,Email
1966,customer1966@example.com,9156191907,929 Sample Street,Kolkata,India,730152,2023-10-14,SMS
6864,customer6864@example.com,9569692187,525 Sample Street,Kolkata,Singapore,319963,2024-08-14,Phone
3033,customer3033@example.com,9683307261,834 Sample Street,Delhi,Singapore,766326,2023-09-01,SMS
5710,customer5710@example.com,9289599503,682 Sample Street,Chennai,India,489957,2023-11-11,SMS
7373,customer7373@example.com,9540744635,877 Sample Street,Hyderabad,India,289407,2023-08-02,Email
8755,customer8755@example.com,9267319207,831 Sample Street,Delhi,India,834994,2024-05-08,Email
10738,customer10738@example.com,123,641 Sample Street,Singapore,Singapore,953049,2024-04-08,Email
4339,customer4339@example.com,9015874064,790 Sample Street,Delhi,India,352764,2025-04-30,SMS
10755,customer10755@example.com,9292458403,453 Sample Street,Mumbai,India,326507,2025-05-29,Phone
8595,customer8595@example.com,9946304699,758 Sample Street,Kolkata,India,460260,2025-09-24,SMS
2968,,9139929074,516 Sample Street,Singapore,Singapore,651951,2023-11-02,SMS
8601,customer8601@example.com,9610371200,957 Sample Street,Chennai,India,987474,2024-11-01,Email
503,customer503@example.com,9420079121,35 Sample Street,Chennai,India,651638,2023-09-06,Email
8430,customer8430@example.com,9979991286,196 Sample Street,Kolkata,Singapore,182745,2024-08-19,SMS
7281,customer7281@example.com,9173848394,457 Sample Street,Chennai,Singapore,791095,2025-06-24,SMS
2139,customer2139@example.com,9202310676,190 Sample Street,Mumbai,India,525695,2025-11-26,SMS
1371,customer1371@example.com,9066828003,880 Sample Street,Bangalore,Singapore,219180,2024-02-03,Phone
9909,customer9909@example.com,9203828632,506 Sample Street,Delhi,Singapore,105486,2025-08-11,SMS
7286,customer7286@example.com,9442834346,144 Sample Street,Pune,India,389336,2025-11-24,Email
7244,customer7244@example.com,9499694261,751 Sample Street,Mumbai,India,827627,2025-12-24,Phone
6566,,123,795 Sample Street,Bangalore,Singapore,905497,2025-06-22,Email
8614,customer8614@example.com,9445270530,511 Sample Street,Mumbai,Singapore,792440,2023-01-01,SMS
4114,customer4114@example.com,9335256992,39 Sample Street,Kolkata,Singapore,639773,2024-10-08,SMS
1331,customer1331@example.com,9193786028,191 Sample Street,Delhi,Singapore,855195,2024-12-29,SMS
2225,customer2225@example.com,9870545945,213 Sample Street,Kolkata,Singapore,292714,2023-11-30,Phone
9381,customer9381@example.com,9432238180,526 Sample Street,Hyderabad,Singapore,359214,2024-11-13,SMS
6260,customer6260@example.com,9045526897,358 Sample Street,Bangalore,India,488043,2024-11-20,Phone
10383,customer10383@example.com,9479397914,41 Sample Street,Pune,India,XX999,2023-01-01,SMS
7437,customer7437@example.com,9508043251,883 Sample Street,Kolkata,Singapore,673695,2024-01-24,Email
8557,customer8557@example.com,9819714670,374 Sample Street,Bangalore,Singapore,127712,2023-01-01,Phone
8375,customer8375@example.com,9049850018,99 Sample Street,Singapore,Singapore,370846,2024-12-13,SMS
6853,customer6853@example.com,9465044524,23 Sample Street,Bangalore,Singapore,909956,2024-06-16,Email
3076,,9499204802,685 Sample Street,Singapore,Singapore,XX999,2024-10-13,Email
1012,,9007176991,438 Sample Street,Singapore,India,536341,2023-11-23,Email
6518,customer6518@example.com,9105480644,910 Sample Street,Bangalore,India,585450,2024-10-24,SMS
4137,customer4137@example.com,9651511121,308 Sample Street,Kolkata,Singapore,456600,2025-07-20,SMS
8082,customer8082@example.com,9076920439,184 Sample Street,Delhi,India,316464,2023-01-01,Email
1386,customer1386@example.com,9037415412,111 Sample Street,Kolkata,India,779574,2025-07-03,Email
9369,customer9369@example.com,123,667 Sample Street,Mumbai,Singapore,431868,2024-03-01,SMS
4477,customer4477@example.com,9192244195,405 Sample Street,Hyderabad,India,664037,2024-08-07,Phone
1357,,9489109898,47 Sample Street,Hyderabad,India,274293,2025-05-08,SMS
1402,customer1402@example.com,9709307023,719 Sample Street,Singapore,Singapore,575774,2025-11-07,Email
10629,customer10629@example.com,9596719726,3 Sample Street,Hyderabad,India,904462,2023-12-14,Email
6312,customer6312@example.com,9195228649,39 Sample Street,Bangalore,Singapore,347736,2025-04-04,Email
8132,customer8132@example.com,9659803839,67 Sample Street,Kolkata,Singapore,706440,2025-09-15,Phone
1050,customer1050@example.com,9135177029,425 Sample Street,Delhi,India,291076,2023-01-01,Phone
5846,customer5846@example.com,9391754804,662 Sample Street,Bangalore,Singapore,216421,2024-05-30,Phone
1859,customer1859@example.com,9637686227,229 Sample Street,Mumbai,Singapore,962755,2025-05-24,SMS
7503,customer7503@example.com,9513355075,947 Sample Street,Singapore,Singapore,360669,2024-10-18,Email
10401,customer10401@example.com,9179245953,787 Sample Street,Delhi,India,289139,2025-05-22,Phone
1618,customer1618@example.com,9300954320,902 Sample Street,Kolkata,Singapore,866641,2025-12-23,Phone
3332,,123,329 Sample Street,Singapore,Singapore,872042,2023-01-01,Phone
2261,customer2261@example.com,9620414781,588 Sample Street,Singapore,India,435842,2024-07-04,Phone
5346,customer5346@example.com,9075784244,5 Sample Street,Kolkata,India,512498,2024-12-19,Phone
4119,customer4119@example.com,9938981776,616 Sample Street,Kolkata,Singapore,139711,2024-02-11,Email
535,customer535@example.com,9506080061,974 Sample Street,Chennai,Singapore,192263,2025-11-24,Email
5268,customer5268@example.com,9255262793,15 Sample Street,Singapore,India,957756,2025-03-19,Email
273,customer273@example.com,9363580460,254 Sample Street,Singapore,India,954211,2024-05-14,SMS
4452,customer4452@example.com,9194905537,948 Sample Street,Delhi,Singapore,402775,2023-01-01,SMS
8504,customer8504@example.com,9743122339,811 Sample Street,Mumbai,Singapore,754618,2025-10-25,Email
771,customer771@example.com,9397557699,141 Sample Street,Mumbai,Singapore,959751,2023-01-01,Phone
8996,customer8996@example.com,9807334747,127 Sample Street,Mumbai,Singapore,938761,2024-05-08,SMS
9235,customer9235@example.com,9985278560,814 Sample Street,Singapore,Singapore,384260,2024-11-23,Phone
5798,customer5798@example.com,9935680562,936 Sample Street,Pune,India,430388,2024-10-28,Email
11178,customer11178@example.com,9848938498,803 Sample Street,Pune,Singapore,950163,2024-07-14,Phone
2230,customer2230@example.com,9951611025,664 Sample Street,Hyderabad,Singapore,429670,2025-07-06,SMS
7516,customer7516@example.com,9547005914,49 Sample Street,Chennai,India,346726,2023-09-06,Phone
7247,customer7247@example.com,9380355706,769 Sample Street,Mumbai,Singapore,626047,2025-08-14,Phone
11100,customer11100@example.com,9627207210,590 Sample Street,Mumbai,Singapore,924690,2025-07-11,SMS
4646,customer4646@example.com,9115015230,264 Sample Street,Bangalore,India,374486,2023-08-15,Email
3037,customer3037@example.com,9299210661,391 Sample Street,Pune,Singapore,209575,2023-09-22,Email
1473,customer1473@example.com,9862767584,579 Sample Street,Pune,India,139986,2024-05-03,Email
1016,customer1016@example.com,9712773345,469 Sample Street,Kolkata,India,711213,2023-12-29,SMS
4518,customer4518@example.com,9616960642,624 Sample Street,Singapore,India,267292,2024-07-03,SMS
9370,customer9370@example.com,9110439126,119 Sample Street,Mumbai,Singapore,478387,2025-04-16,Phone
8908,customer8908@example.com,9458142395,364 Sample Street,Mumbai,Singapore,356713,2025-07-28,SMS
8373,customer8373@example.com,9760120871,237 Sample Street,Delhi,India,986040,2025-01-08,Phone
7533,,9855399164,75 Sample Street,Bangalore,India,418277,2025-08-09,Email
2683,customer2683@example.com,9493851048,998 Sample Street,Chennai,India,752665,2024-05-24,Phone
3629,customer3629@example.com,9649548571,268 Sample Street,Singapore,Singapore,277900,2023-01-01,SMS
10991,customer10991@example.com,9690949150,819 Sample Street,Hyderabad,India,121172,2023-01-01,Email
5077,customer5077@example.com,9294730672,310 Sample Street,Singapore,India,808662,2024-04-19,Email
7431,customer7431@example.com,123,467 Sample Street,Chennai,Singapore,560514,2025-05-03,SMS
3267,customer3267@example.com,9018914887,17 Sample Street,Kolkata,India,941344,2025-05-30,SMS
999,customer999@example.com,9798622142,478 Sample Street,Singapore,Singapore,644869,2023-08-20,Email
9215,customer9215@example.com,9240098607,339 Sample Street,Delhi,Singapore,302503,2024-03-12,Phone
2286,customer2286@example.com,9064557818,268 Sample Street,Delhi,India,177454,2024-06-10,Email
1592,customer1592@example.com,9989960694,86 Sample Street,Singapore,India,980889,2024-12-07,Phone
367,customer367@example.com,9468271613,935 Sample Street,Singapore,India,381570,2024-11-26,Email
5234,customer5234@example.com,9960721247,986 Sample Street,Bangalore,Singapore,776022,2025-01-03,Phone
9862,customer9862@example.com,9670358109,108 Sample Street,Hyderabad,Singapore,311837,2024-10-09,Email
9805,customer9805@example.com,9629161263,29 Sample Street,Delhi,Singapore,522845,2024-09-12,Phone
6205,customer6205@example.com,9487898634,577 Sample Street,Singapore,Singapore,132733,2024-02-13,SMS
8442,customer8442@example.com,9271314804,975 Sample Street,Pune,India,266472,2024-11-29,SMS
7386,customer7386@example.com,9087394456,440 Sample Street,Bangalore,India,811998,2025-03-06,Email
7215,customer7215@example.com,9718633735,885 Sample Street,Mumbai,India,426898,2024-08-27,Email
1491,customer1491@example.com,9918980927,774 Sample Street,Kolkata,Singapore,698069,2025-11-16,Email
11071,customer11071@example.com,9608239092,690 Sample Street,Kolkata,India,474999,2025-12-30,Phone
3381,customer3381@example.com,9257883418,952 Sample Street,Bangalore,Singapore,143642,2024-07-10,Email
8268,customer8268@example.com,9828198784,395 Sample Street,Bangalore,India,412250,2025-05-21,Phone
11051,,9757491544,973 Sample Street,Chennai,Singapore,669936,2025-09-10,Phone
8026,customer8026@example.com,9729277170,262 Sample Street,Pune,India,186231,2025-08-08,SMS
433,customer433@example.com,9708849356,133 Sample Street,Pune,Singapore,148874,2024-06-24,Email
9597,customer9597@example.com,9982699461,356 Sample Street,Chennai,Singapore,226209,2024-01-15,SMS
1295,customer1295@example.com,9610807172,326 Sample Street,Chennai,Singapore,XX999,2024-11-14,Email
5290,customer5290@example.com,9698145333,242 Sample Street,Hyderabad,India,238563,2024-01-02,SMS
1685,customer1685@example.com,9050950597,210 Sample Street,Pune,India,954321,2025-04-07,SMS
5342,customer5342@example.com,9323605296,538 Sample Street,Mumbai,India,111745,2024-10-29,SMS
9579,customer9579@example.com,9130286631,687 Sample Street,Bangalore,India,440941,2025-10-10,Email
7660,customer7660@example.com,9520744352,953 Sample Street,Hyderabad,Singapore,787556,2024-12-11,SMS
1461,customer1461@example.com,9095120871,271 Sample Street,Bangalore,India,516235,2025-06-08,Phone
821,customer821@example.com,9780471362,349 Sample Street,Mumbai,India,707167,2024-02-09,SMS
11084,customer11084@example.com,9792386033,521 Sample Street,Pune,Singapore,466245,2023-09-24,SMS
8690,customer8690@example.com,9554417707,789 Sample Street,Chennai,India,878513,2023-01-01,SMS
2937,,9158058752,88 Sample Street,Hyderabad,India,830664,2023-01-01,Phone
9701,customer9701@example.com,9855309710,2 Sample Street,Chennai,Singapore,368512,2023-10-24,Email
9949,customer9949@example.com,123,90 Sample Street,Hyderabad,India,150861,2025-09-02,SMS
10837,customer10837@example.com,9119607258,774 Sample Street,Delhi,India,742120,2025-01-08,Phone
3120,customer3120@example.com,9817713633,390 Sample Street,Singapore,India,783321,2025-12-11,Phone
5885,customer5885@example.com,9928915682,122 Sample Street,Bangalore,India,787250,2023-01-01,SMS
4050,customer4050@example.com,9376462151,723 Sample Street,Pune,India,887093,2024-07-02,Phone
3830,customer3830@example.com,9782922506,332 Sample Street,Kolkata,Singapore,619984,2023-08-24,SMS
7987,customer7987@example.com,9497343371,689 Sample Street,Kolkata,Singapore,442962,2024-05-04,SMS
7798,customer7798@example.com,9839413113,774 Sample Street,Mumbai,India,915858,2024-12-27,SMS
92,customer92@example.com,9952174029,520 Sample Street,Pune,Singapore,257795,2023-12-12,Email
7055,customer7055@example.com,9691644585,828 Sample Street,Chennai,Singapore,722605,2024-08-16,Email
10240,customer10240@example.com,9683165088,28 Sample Street,Delhi,Singapore,429793,2025-07-23,Email
3025,customer3025@example.com,9440773692,630 Sample Street,Bangalore,India,444333,2024-05-20,SMS
9283,customer9283@example.com,9998043708,576 Sample Street,Mumbai,India,614933,2025-03-24,Phone
9970,customer9970@example.com,9844400775,620 Sample Street,Bangalore,India,576410,2023-08-04,Phone
2730,customer2730@example.com,9184390625,485 Sample Street,Hyderabad,Singapore,259476,2025-11-04,Email
2795,customer2795@example.com,9400293417,251 Sample Street,Singapore,Singapore,345546,2025-08-29,Phone
9260,customer9260@example.com,9181867165,852 Sample Street,Bangalore,Singapore,XX999,2023-01-01,SMS
8182,,9319671406,776 Sample Street,Kolkata,Singapore,778556,2025-01-15,SMS
10095,customer10095@example.com,9545106699,414 Sample Street,Bangalore,Singapore,548625,2025-08-10,Phone
8475,customer8475@example.com,9977078300,147 Sample Street,Delhi,India,965566,2024-03-19,SMS
4370,customer4370@example.com,9448911580,681 Sample Street,Pune,India,842488,2024-02-14,SMS
10573,customer10573@example.com,9848315352,454 Sample Street,Hyderabad,India,136321,2024-05-18,Email
3712,customer3712@example.com,9862075684,655 Sample Street,Kolkata,India,451296,2025-10-18,Phone
6637,customer6637@example.com,123,940 Sample Street,Bangalore,India,179973,2023-01-01,SMS
3152,customer3152@example.com,9279182497,816 Sample Street,Kolkata,Singapore,864357,2024-04-13,Phone
5610,customer5610@example.com,9984143651,364 Sample Street,Kolkata,Singapore,965146,2024-11-01,SMS
6460,customer6460@example.com,9466483234,141 Sample Street,Chennai,Singapore,358517,2023-11-07,Phone
1349,customer1349@example.com,9134327931,2 Sample Street,Pune,India,800336,2024-05-23,SMS
1880,customer1880@example.com,9398696670,938 Sample Street,Mumbai,Singapore,829532,2025-03-10,Email
641,customer641@example.com,9733356507,685 Sample Street,Bangalore,India,506889,2024-06-22,SMS
8717,customer8717@example.com,9655458989,984 Sample Street,Delhi,Singapore,700441,2024-04-09,Email
10314,customer10314@example.com,9977094317,531 Sample Street,Hyderabad,India,529667,2025-11-03,Phone
10854,customer10854@example.com,9698123906,242 Sample Street,Kolkata,India,751844,2024-02-15,Email
10492,customer10492@example.com,9021064054,655 Sample Street,Bangalore,India,192578,2023-01-01,Phone
6935,customer6935@example.com,9988812641,835 Sample Street,Singapore,India,486601,2024-12-24,Phone
7698,,9680672395,554 Sample Street,Singapore,India,131007,2025-07-19,Phone
3559,customer3559@example.com,9374032870,891 Sample Street,Hyderabad,India,334565,2024-11-03,SMS
10562,customer10562@example.com,9630144757,562 Sample Street,Bangalore,India,960226,2023-10-13,Email
10796,customer10796@example.com,9925516150,803 Sample Street,Chennai,India,880641,2024-09-18,Phone
2563,customer2563@example.com,9375934869,446 Sample Street,Singapore,India,450877,2024-04-09,Phone
3518,customer3518@example.com,9607326275,517 Sample Street,Hyderabad,Singapore,614003,2023-08-14,Phone
5823,customer5823@example.com,9708435517,743 Sample Street,Delhi,Singapore,891327,2025-07-25,Phone
3934,customer3934@example.com,9453130611,361 Sample Street,Singapore,Singapore,659873,2023-12-03,SMS
6982,customer6982@example.com,9802369316,262 Sample Street,Hyderabad,Singapore,969794,2024-11-22,Phone
6431,customer6431@example.com,9543909512,158 Sample Street,Delhi,Singapore,291703,2023-01-01,Phone
9733,customer9733@example.com,9526384211,931 Sample Street,Hyderabad,India,754801,2025-06-10,Email
5602,customer5602@example.com,9319818503,95 Sample Street,Kolkata,India,105901,2023-09-22,Phone
7829,customer7829@example.com,9532285841,392 Sample Street,Hyderabad,India,XX999,2024-07-14,Phone
1324,customer1324@example.com,9331516224,467 Sample Street,Chennai,Singapore,667201,2023-11-16,Phone
326,customer326@example.com,9811786282,149 Sample Street,Singapore,Singapore,302056,2023-01-01,Phone
7224,customer7224@example.com,9260336704,359 Sample Street,Bangalore,Singapore,527387,2023-10-05,SMS
6999,customer6999@example.com,9335614326,155 Sample Street,Singapore,Singapore,388859,2024-07-25,Email
9938,customer9938@example.com,9645461455,591 Sample Street,Bangalore,Singapore,602420,2024-03-23,SMS
6422,customer6422@example.com,9697640491,493 Sample Street,Delhi,Singapore,287604,2024-02-09,Email
3182,customer3182@example.com,9143020436,629 Sample Street,Kolkata,Singapore,976313,2024-08-10,SMS
7300,customer7300@example.com,9313172835,554 Sample Street,Bangalore,India,548532,2024-06-27,SMS
10424,customer10424@example.com,9080788010,10 Sample Street,Chennai,India,714641,2023-09-29,Email
8727,customer8727@example.com,9746175700,956 Sample Street,Mumbai,Singapore,873974,2023-08-30,Phone
2798,customer2798@example.com,9240647786,43 Sample Street,Mumbai,Singapore,529440,2024-04-21,Phone
1030,customer1030@example.com,9272704347,826 Sample Street,Hyderabad,India,241214,2025-01-01,SMS
624,customer624@example.com,9332622944,350 Sample Street,Bangalore,Singapore,569511,2025-02-16,SMS
5176,customer5176@example.com,9950778811,963 Sample Street,Bangalore,Singapore,308432,2023-10-21,SMS
5552,customer5552@example.com,9388896194,676 Sample Street,Chennai,Singapore,518443,2023-08-27,SMS
868,customer868@example.com,9715419071,183 Sample Street,Singapore,India,276072,2024-03-08,SMS
380,customer380@example.com,9798153342,686 Sample Street,Hyderabad,India,184080,2023-07-29,Email
2677,customer2677@example.com,9429660814,397 Sample Street,Pune,Singapore,598685,2024-03-12,Phone
6521,customer6521@example.com,9776655851,770 Sample Street,Kolkata,Singapore,688316,2025-06-03,Phone
6927,customer6927@example.com,9312675407,515 Sample Street,Pune,India,895326,2024-04-12,SMS
2877,customer2877@example.com,9266847997,129 Sample Street,Delhi,India,155147,2025-04-16,Email
0,customer0@example.com,9203729189,405 Sample Street,Chennai,India,792095,2025-03-06,Phone
1584,customer1584@example.com,9618833599,314 Sample Street,Hyderabad,India,766165,2025-12-21,Phone
7264,customer7264@example.com,9081483265,824 Sample Street,Bangalore,Singapore,516978,2025-09-23,Phone
6274,customer6274@example.com,9933397529,805 Sample Street,Kolkata,Singapore,959877,2024-09-20,Phone
1377,customer1377@example.com,9576495383,273 Sample Street,Hyderabad,India,389910,2024-05-29,Email
454,customer454@example.com,9327496337,766 Sample Street,Kolkata,India,209079,2025-07-24,Email
1755,,9122025795,117 Sample Street,Kolkata,Singapore,275006,2023-08-18,Phone
2075,customer2075@example.com,9236060130,763 Sample Street,Chennai,India,518267,2023-12-01,Phone
4785,customer4785@example.com,9850053356,137 Sample Street,Chennai,Singapore,604409,2024-11-28,SMS
9076,customer9076@example.com,9483912055,849 Sample Street,Bangalore,Singapore,845466,2023-08-09,Email
7079,customer7079@example.com,9242929244,980 Sample Street,Hyderabad,India,757456,2025-10-20,SMS
4653,customer4653@example.com,9435936612,641 Sample Street,Bangalore,India,889271,2025-02-23,SMS
7375,customer7375@example.com,9358583783,725 Sample Street,Kolkata,India,574013,2024-11-20,Email
709,customer709@example.com,9956267959,729 Sample Street,Mumbai,India,526188,2024-05-30,Email
460,customer460@example.com,9837319843,690 Sample Street,Hyderabad,Singapore,988736,2024-08-01,Phone
3726,customer3726@example.com,9517376499,492 Sample Street,Pune,India,595479,2023-07-21,SMS
6798,customer6798@example.com,9849414269,933 Sample Street,Pune,India,721527,2025-03-03,SMS
5341,customer5341@example.com,9228488014,708 Sample Street,Pune,India,191006,2024-08-30,SMS
1606,customer1606@example.com,9865600719,43 Sample Street,Kolkata,India,277832,2024-11-05,Phone
9617,customer9617@example.com,9500155109,853 Sample Street,Chennai,Singapore,488612,2024-08-06,Email
3233,customer3233@example.com,9581912657,936 Sample Street,Bangalore,India,613317,2024-06-10,Email
89,customer89@example.com,9922064393,878 Sample Street,Delhi,Singapore,965139,2025-06-02,Email
2936,customer2936@example.com,9774538799,881 Sample Street,Kolkata,India,391262,2025-10-28,SMS
9449,customer9449@example.com,9872709325,679 Sample Street,Chennai,Singapore,279635,2023-11-03,Email
7297,customer7297@example.com,9812427977,508 Sample Street,Chennai,Singapore,657531,2025-03-11,Phone
11004,customer11004@example.com,123,828 Sample Street,Delhi,India,522355,2024-10-05,Email
313,customer313@example.com,9162217500,520 Sample Street,Delhi,India,919812,2023-01-01,Email
9940,customer9940@example.com,9435528606,533 Sample Street,Singapore,India,477501,2025-04-08,SMS
10735,customer10735@example.com,9135964820,196 Sample Street,Delhi,India,595384,2024-03-07,Email
9529,customer9529@example.com,9428351528,395 Sample Street,Singapore,India,842849,2025-01-03,Phone
6439,customer6439@example.com,9847152947,218 Sample Street,Kolkata,India,321373,2024-11-11,Phone
7411,customer7411@example.com,9423182198,279 Sample Street,Delhi,Singapore,439119,2023-07-21,Phone
2176,customer2176@example.com,9504203112,936 Sample Street,Kolkata,Singapore,765847,2025-07-30,Email
9265,customer9265@example.com,9658307662,516 Sample Street,Hyderabad,India,854105,2023-10-10,Email
8867,customer8867@example.com,9542844330,551 Sample Street,Singapore,Singapore,198696,2023-08-19,Email
8932,customer8932@example.com,123,501 Sample Street,Chennai,Singapore,174567,2024-01-31,Email
10236,customer10236@example.com,9223087795,727 Sample Street,Mumbai,India,153909,2025-10-11,SMS
6340,customer6340@example.com,9229283686,633 Sample Street,Bangalore,India,216219,2023-11-07,Phone
10089,customer10089@example.com,9375437080,376 Sample Street,Kolkata,India,688595,2025-10-05,SMS
2227,customer2227@example.com,9428833718,637 Sample Street,Hyderabad,India,976141,2024-05-14,SMS
10992,customer10992@example.com,9876021444,304 Sample Street,Singapore,Singapore,420787,2023-08-17,Email
5304,customer5304@example.com,9204883201,728 Sample Street,Bangalore,India,159871,2025-10-29,SMS
309,customer309@example.com,9767582935,232 Sample Street,Mumbai,Singapore,573620,2023-10-06,Email
3406,customer3406@example.com,9538236635,76 Sample Street,Delhi,Singapore,607820,2024-06-02,Email
2661,,9517168076,934 Sample Street,Singapore,India,664485,2025-06-02,Phone
3153,customer3153@example.com,9810597290,441 Sample Street,Kolkata,India,306940,2024-04-21,Email
10264,customer10264@example.com,9027237050,302 Sample Street,Bangalore,India,875024,2025-06-26,SMS
1184,customer1184@example.com,9730964409,363 Sample Street,Chennai,India,951765,2024-12-16,Email
4200,customer4200@example.com,9887408074,819 Sample Street,Bangalore,India,476742,2025-07-03,SMS
9396,customer9396@example.com,9862072774,109 Sample Street,Bangalore,India,303196,2025-05-07,Email
2387,customer2387@example.com,9096947866,689 Sample Street,Bangalore,Singapore,253262,2023-09-03,Phone
6690,customer6690@example.com,9111303142,751 Sample Street,Delhi,Singapore,110651,2025-10-10,Email
1225,customer1225@example.com,9009286189,450 Sample Street,Delhi,India,527826,2023-01-01,SMS
9703,customer9703@example.com,9912588623,454 Sample Street,Chennai,India,946490,2024-04-13,Email
291,customer291@example.com,9152710820,311 Sample Street,Kolkata,India,320972,2025-01-10,SMS
4557,customer4557@example.com,9408678545,107 Sample Street,Hyderabad,India,483395,2023-01-01,SMS
2379,customer2379@example.com,9684591228,63 Sample Street,Kolkata,India,182279,2025-10-19,Email
5726,customer5726@example.com,9985307617,668 Sample Street,Singapore,India,569924,2025-12-26,SMS
3066,customer3066@example.com,9347003291,988 Sample Street,Pune,India,609346,2024-11-01,Email
6336,customer6336@example.com,9005471375,833 Sample Street,Mumbai,Singapore,248510,2024-12-10,SMS
10967,customer10967@example.com,9014772395,363 Sample Street,Singapore,India,303199,2023-01-01,SMS
2304,customer2304@example.com,9215494949,124 Sample Street,Singapore,Singapore,XX999,2025-11-28,Phone
3445,customer3445@example.com,9653180305,68 Sample Street,Kolkata,India,652004,2025-07-21,Email
7828,customer7828@example.com,9801546229,354 Sample Street,Hyderabad,India,347199,2025-09-15,Email
3762,customer3762@example.com,9290446320,604 Sample Street,Kolkata,India,256951,2023-01-01,Phone
4391,,9213202175,761 Sample Street,Pune,India,275767,2023-12-02,SMS
4669,customer4669@example.com,9246474043,886 Sample Street,Mumbai,Singapore,306846,2025-10-30,Phone
10144,customer10144@example.com,9415545640,184 Sample Street,Hyderabad,India,670387,2023-01-01,Phone
8652,customer8652@example.com,9950229356,762 Sample Street,Hyderabad,Singapore,990083,2025-09-22,Phone
1672,customer1672@example.com,9076821024,974 Sample Street,Mumbai,India,824698,2025-10-12,Phone
8962,customer8962@example.com,9236287300,881 Sample Street,Pune,Singapore,508288,2023-08-22,Phone
9974,customer9974@example.com,9725246155,683 Sample Street,Singapore,India,742613,2023-10-15,Phone
10983,customer10983@example.com,9418727822,370 Sample Street,Singapore,Singapore,372647,2023-10-31,SMS
8148,customer8148@example.com,9076620384,1 Sample Street,Pune,India,881198,2024-07-02,SMS
10102,customer10102@example.com,9774803217,535 Sample Street,Kolkata,Singapore,439208,2023-10-23,Email
4697,customer4697@example.com,9352721251,936 Sample Street,Chennai,Singapore,695600,2024-12-23,Phone
9262,customer9262@example.com,9195119716,451 Sample Street,Kolkata,India,168487,2025-06-01,Email
7254,customer7254@example.com,9765646008,670 Sample Street,Singapore,Singapore,222258,2025-11-10,SMS
4543,customer4543@example.com,9288506699,484 Sample Street,Delhi,India,220263,2024-06-15,SMS
4927,customer4927@example.com,9331134753,205 Sample Street,Singapore,India,287450,2024-09-18,Email
10451,customer10451@example.com,9716117180,591 Sample Street,Bangalore,Singapore,998488,2025-05-06,Phone
2926,customer2926@example.com,123,776 Sample Street,Mumbai,Singapore,777800,2024-12-08,Phone
2874,customer2874@example.com,9488028133,850 Sample Street,Chennai,India,213550,2023-10-06,Phone
9738,customer9738@example.com,9205724096,218 Sample Street,Kolkata,India,855612,2023-09-27,Email
7119,customer7119@example.com,9876964440,536 Sample Street,Kolkata,Singapore,321035,2024-07-28,Phone
3924,customer3924@example.com,9038843224,810 Sample Street,Bangalore,Singapore,408112,2025-09-23,Email
5827,customer5827@example.com,9568212868,13 Sample Street,Chennai,India,102257,2023-12-23,Phone
5596,customer5596@example.com,123,100 Sample Street,Chennai,Singapore,438540,2023-08-31,Phone
10812,customer10812@example.com,9187763125,940 Sample Street,Chennai,India,578356,2024-07-11,Email
1717,customer1717@example.com,9755034280,118 Sample Street,Kolkata,India,241365,2024-03-23,Phone
9491,customer9491@example.com,9449457150,868 Sample Street,Pune,India,596013,2025-08-17,Phone
9274,customer9274@example.com,9282505378,740 Sample Street,Pune,Singapore,756761,2025-06-28,SMS
6609,customer6609@example.com,123,693 Sample Street,Bangalore,India,695642,2023-01-01,Email
6963,customer6963@example.com,9814564806,954 Sample Street,Hyderabad,Singapore,610470,2023-12-08,Phone
4440,customer4440@example.com,9843632870,983 Sample Street,Kolkata,India,541048,2024-08-16,Phone
1379,customer1379@example.com,9753728116,940 Sample Street,Delhi,India,862371,2024-05-10,Email
10032,customer10032@example.com,9786473158,529 Sample Street,Delhi,India,269530,2025-10-04,Email
2826,customer2826@example.com,9698989247,360 Sample Street,Kolkata,Singapore,834275,2023-08-23,SMS
2437,customer2437@example.com,9003575881,794 Sample Street,Kolkata,Singapore,470416,2023-08-04,SMS
6320,customer6320@example.com,9433875015,923 Sample Street,Delhi,India,537985,2025-12-18,SMS
3050,customer3050@example.com,9944555192,990 Sample Street,Delhi,Singapore,924837,2025-10-01,Phone
231,customer231@example.com,9700158327,832 Sample Street,Chennai,India,697690,2025-10-04,SMS
2392,customer2392@example.com,9848126655,978 Sample Street,Hyderabad,Singapore,228389,2025-04-17,Phone
9478,customer9478@example.com,9210411679,8 Sample Street,Hyderabad,India,700541,2025-01-15,SMS
113,customer113@example.com,9306037155,44 Sample Street,Kolkata,Singapore,XX999,2023-01-01,SMS
2863,customer2863@example.com,9934947971,567 Sample Street,Mumbai,Singapore,536679,2024-05-09,SMS
1802,customer1802@example.com,9548293857,247 Sample Street,Chennai,Singapore,518458,2024-07-05,SMS
520,customer520@example.com,9208602334,606 Sample Street,Mumbai,India,468226,2024-04-17,Email
8275,customer8275@example.com,9690133413,961 Sample Street,Mumbai,India,806673,2023-11-25,Email
9750,customer9750@example.com,9993369884,890 Sample Street,Chennai,Singapore,191328,2024-11-27,Email
2607,customer2607@example.com,9517834724,99 Sample Street,Pune,Singapore,815339,2025-03-26,Phone
7214,customer7214@example.com,9226669744,462 Sample Street,Pune,India,495395,2023-11-03,Phone
5835,customer5835@example.com,9931378268,475 Sample Street,Delhi,Singapore,786915,2023-07-27,SMS
3896,customer3896@example.com,9240277317,536 Sample Street,Hyderabad,Singapore,571017,2025-12-29,Email
10350,customer10350@example.com,9218064736,877 Sample Street,Delhi,Singapore,878493,2025-07-05,SMS
7786,,9888554897,391 Sample Street,Hyderabad,Singapore,XX999,2025-10-09,Phone
2861,customer2861@example.com,9322535238,965 Sample Street,Delhi,Singapore,253484,2025-01-24,Phone
663,customer663@example.com,9914828536,528 Sample Street,Chennai,India,520343,2025-12-11,Phone
10675,customer10675@example.com,9454706991,767 Sample Street,Singapore,India,178077,2024-07-30,Phone
2521,customer2521@example.com,9095803384,869 Sample Street,Delhi,Singapore,884192,2023-01-01,Phone
9592,customer9592@example.com,9823087176,891 Sample Street,Pune,India,320357,2026-01-01,SMS
10151,customer10151@example.com,9696801885,262 Sample Street,Hyderabad,India,560115,2025-02-28,Phone
7381,customer7381@example.com,9420060029,783 Sample Street,Chennai,Singapore,447235,2024-07-07,Phone
4099,customer4099@example.com,9310232790,270 Sample Street,Kolkata,Singapore,170305,2024-02-01,Email
9560,customer9560@example.com,9637258007,339 Sample Street,Hyderabad,India,755348,2025-06-23,SMS
1150,customer1150@example.com,9457229833,428 Sample Street,Chennai,India,127798,2024-08-06,Email
10172,customer10172@example.com,9752847676,451 Sample Street,Hyderabad,India,505105,2023-11-10,Email
11191,customer11191@example.com,9622137004,331 Sample Street,Singapore,India,192036,2025-03-25,Phone
9707,customer9707@example.com,9050484570,318 Sample Street,Bangalore,India,870097,2023-08-06,Email
6245,customer6245@example.com,9825416303,694 Sample Street,Bangalore,India,479270,2024-05-21,SMS
8234,customer8234@example.com,9662573719,361 Sample Street,Delhi,Singapore,719064,2024-12-06,SMS
1411,customer1411@example.com,9990159484,82 Sample Street,Singapore,India,996473,2024-09-21,Phone
8553,customer8553@example.com,9800629182,208 Sample Street,Singapore,India,466081,2024-04-06,SMS
1826,customer1826@example.com,9795596653,987 Sample Street,Delhi,Singapore,954568,2025-08-07,Phone
8842,customer8842@example.com,9232141525,719 Sample Street,Pune,India,887738,2023-11-16,Email
11030,customer11030@example.com,9805831302,154 Sample Street,Bangalore,Singapore,573048,2025-04-11,SMS
2579,customer2579@example.com,9452475318,284 Sample Street,Pune,India,293984,2023-08-05,Email
175,customer175@example.com,9360832093,73 Sample Street,Chennai,India,967564,2023-01-01,Phone
9185,customer9185@example.com,9955091512,756 Sample Street,Pune,Singapore,500890,2025-01-26,Phone
11056,customer11056@example.com,9838927088,170 Sample Street,Mumbai,Singapore,890449,2025-06-04,Email
9365,customer9365@example.com,9760463084,299 Sample Street,Hyderabad,India,105039,2023-10-23,Email
6201,customer6201@example.com,9712901691,550 Sample Street,Hyderabad,Singapore,498499,2024-10-16,Phone
2061,customer2061@example.com,9729506772,494 Sample Street,Mumbai,India,182409,2024-01-12,Phone
6184,customer6184@example.com,9858600548,850 Sample Street,Chennai,India,243927,2025-06-29,SMS
6142,customer6142@example.com,9419597314,335 Sample Street,Pune,Singapore,278267,2024-07-21,SMS
4107,customer4107@example.com,9159835657,836 Sample Street,Bangalore,India,393851,2025-06-09,Email
7274,customer7274@example.com,9062518055,341 Sample Street,Pune,Singapore,367247,2024-03-28,SMS
9336,customer9336@example.com,9094162322,964 Sample Street,Mumbai,India,636644,2025-08-26,SMS
2958,customer2958@example.com,9379684937,153 Sample Street,Chennai,India,867286,2023-10-11,Email
933,customer933@example.com,9643909960,881 Sample Street,Delhi,Singapore,224116,2023-09-26,Email
5837,customer5837@example.com,9852265854,426 Sample Street,Chennai,India,526070,2024-09-24,Email
10704,customer10704@example.com,9628584636,45 Sample Street,Mumbai,Singapore,105520,2025-04-30,SMS
5125,customer5125@example.com,9741451550,414 Sample Street,Delhi,India,469360,2024-04-04,Phone
4432,customer4432@example.com,9929923189,540 Sample Street,Pune,India,886086,2025-04-30,SMS
5955,customer5955@example.com,9525778002,195 Sample Street,Delhi,India,704489,2025-07-11,SMS
2928,customer2928@example.com,9901125010,245 Sample Street,Mumbai,India,170463,2025-02-19,SMS
5680,customer5680@example.com,9679064902,7 Sample Street,Hyderabad,India,261081,2023-10-08,Email
10313,customer10313@example.com,9640008249,380 Sample Street,Pune,Singapore,595413,2024-03-05,Phone
2557,customer2557@example.com,9877085822,630 Sample Street,Kolkata,Singapore,333192,2025-06-17,Phone
1245,customer1245@example.com,9221824871,435 Sample Street,Mumbai,India,616479,2024-06-21,SMS
1519,customer1519@example.com,9175587338,49 Sample Street,Pune,Singapore,661836,2025-10-12,Phone
10703,customer10703@example.com,9153922257,59 Sample Street,Chennai,Singapore,492118,2024-06-07,Email
1726,customer1726@example.com,9339108178,932 Sample Street,Kolkata,Singapore,776999,2025-06-15,SMS
4459,customer4459@example.com,123,211 Sample Street,Bangalore,Singapore,583007,2023-01-01,Email
1729,customer1729@example.com,9685906249,804 Sample Street,Pune,Singapore,XX999,2024-09-04,Email
1517,customer1517@example.com,9459957787,237 Sample Street,Bangalore,Singapore,395866,2024-12-12,SMS
2098,customer2098@example.com,9909112961,318 Sample Street,Bangalore,Singapore,524671,2023-01-01,Email
9543,customer9543@example.com,9582520493,903 Sample Street,Pune,Singapore,752873,2024-10-22,SMS
6878,customer6878@example.com,9366573943,204 Sample Street,Singapore,India,915495,2023-11-25,Email
3310,customer3310@example.com,9455424715,217 Sample Street,Delhi,India,690189,2023-01-01,Email
2724,customer2724@example.com,9776751170,182 Sample Street,Mumbai,Singapore,317980,2023-11-26,Email
948,,9539220234,499 Sample Street,Singapore,India,125525,2024-08-12,Email
6720,customer6720@example.com,9425571036,207 Sample Street,Pune,Singapore,791967,2025-05-12,Email
6202,customer6202@example.com,9922449283,573 Sample Street,Chennai,Singapore,695484,2024-12-15,Email
2066,customer2066@example.com,9219832671,695 Sample Street,Hyderabad,Singapore,610491,2024-01-24,SMS
9799,customer9799@example.com,9424135093,678 Sample Street,Mumbai,India,704056,2025-12-19,Phone
8318,customer8318@example.com,9165176446,425 Sample Street,Pune,Singapore,591006,2023-01-01,Phone
5642,customer5642@example.com,9859520630,655 Sample Street,Bangalore,Singapore,379143,2023-01-01,SMS
2669,customer2669@example.com,9510131067,118 Sample Street,Chennai,India,759987,2025-05-25,SMS
455,customer455@example.com,9527914051,804 Sample Street,Singapore,Singapore,910421,2024-07-13,Phone
7683,customer7683@example.com,9775377903,628 Sample Street,Hyderabad,India,925782,2025-08-11,SMS
3428,customer3428@example.com,9674678223,805 Sample Street,Mumbai,India,XX999,2024-09-24,SMS
7414,customer7414@example.com,9687436460,785 Sample Street,Kolkata,Singapore,135903,2023-10-15,Email
6354,customer6354@example.com,9211691315,728 Sample Street,Pune,Singapore,735785,2024-06-17,Email
798,customer798@example.com,9432487777,919 Sample Street,Delhi,India,948231,2025-09-14,SMS
8213,customer8213@example.com,9779603349,86 Sample Street,Pune,India,292003,2025-05-24,SMS
2488,customer2488@example.com,9157765164,192 Sample Street,Chennai,India,669829,2025-04-11,SMS
9999,customer9999@example.com,9772600698,439 Sample Street,Hyderabad,Singapore,503561,2025-07-05,SMS
7617,customer7617@example.com,9718581270,399 Sample Street,Mumbai,Singapore,216841,2025-04-06,Phone
615,customer615@example.com,9660873941,845 Sample Street,Kolkata,Singapore,900463,2025-06-15,Phone
2552,customer2552@example.com,9526821663,187 Sample Street,Pune,India,XX999,2023-09-25,Phone
194,customer194@example.com,9700452895,132 Sample Street,Hyderabad,Singapore,188059,2023-01-01,Phone
3645,customer3645@example.com,9785574225,738 Sample Street,Hyderabad,India,592239,2024-11-22,SMS
8890,customer8890@example.com,9576785292,768 Sample Street,Chennai,India,543066,2025-10-18,Email
5049,customer5049@example.com,9043884936,383 Sample Street,Kolkata,Singapore,373813,2024-12-10,Email
9973,customer9973@example.com,9910330530,897 Sample Street,Mumbai,Singapore,XX999,2025-04-04,Phone
7301,customer7301@example.com,9797167796,229 Sample Street,Mumbai,India,337723,2024-09-16,Email
10882,customer10882@example.com,9615106114,606 Sample Street,Singapore,India,540980,2024-04-18,SMS
7030,customer7030@example.com,9607238394,471 Sample Street,Mumbai,India,536607,2023-01-01,Phone
7422,,9083850218,800 Sample Street,Hyderabad,Singapore,331182,2025-08-15,Phone
3523,customer3523@example.com,9088770792,139 Sample Street,Chennai,India,553222,2024-02-19,Email
7106,customer7106@example.com,9009447675,342 Sample Street,Bangalore,Singapore,113233,2024-04-28,SMS
6504,customer6504@example.com,9425780227,817 Sample Street,Kolkata,Singapore,848692,2025-09-09,Email
5067,customer5067@example.com,9172605275,28 Sample Street,Pune,India,996961,2024-07-01,Email
4216,customer4216@example.com,9642335903,58 Sample Street,Chennai,Singapore,326572,2025-02-28,Phone
8581,customer8581@example.com,9908362927,696 Sample Street,Singapore,India,835226,2023-10-29,Email
5929,customer5929@example.com,9091707713,934 Sample Street,Delhi,India,275595,2025-08-18,SMS
3129,customer3129@example.com,9776812975,73 Sample Street,Chennai,India,961465,2025-01-07,Phone
6528,customer6528@example.com,9922742902,460 Sample Street,Singapore,Singapore,931156,2024-06-25,Email
1361,customer1361@example.com,9916136366,368 Sample Street,Hyderabad,Singapore,739104,2025-05-01,Email
6932,customer6932@example.com,9812948303,726 Sample Street,Singapore,Singapore,113780,2024-10-13,SMS
7284,customer7284@example.com,123,889 Sample Street,Bangalore,India,378404,2025-10-24,Phone
1340,customer1340@example.com,9063142576,192 Sample Street,Kolkata,India,929378,2024-06-29,Email
8746,,9198307649,237 Sample Street,Pune,India,591830,2024-07-02,SMS
5987,customer5987@example.com,9754810726,602 Sample Street,Pune,Singapore,897388,2023-07-26,Email
3767,customer3767@example.com,9759869471,247 Sample Street,Delhi,Singapore,232659,2023-01-01,SMS
3725,customer3725@example.com,9065740089,694 Sample Street,Singapore,Singapore,265289,2023-01-01,Phone
4324,customer4324@example.com,9055270059,653 Sample Street,Kolkata,India,608069,2023-09-06,Phone
238,customer238@example.com,9527504725,709 Sample Street,Kolkata,India,768629,2024-06-11,Phone
6694,customer6694@example.com,9068194935,710 Sample Street,Bangalore,Singapore,561370,2024-10-11,Phone
498,customer498@example.com,9113086622,337 Sample Street,Hyderabad,Singapore,282690,2024-04-30,Phone
9347,customer9347@example.com,9297706102,800 Sample Street,Kolkata,India,222019,2025-08-14,Email
9699,customer9699@example.com,9594373912,758 Sample Street,Bangalore,India,390951,2023-11-02,SMS
10664,customer10664@example.com,9861767269,125 Sample Street,Singapore,Singapore,881624,2023-10-27,Email
5455,customer5455@example.com,9951144616,453 Sample Street,Chennai,Singapore,110589,2024-04-08,Email
456,customer456@example.com,9365917984,202 Sample Street,Chennai,India,289651,2025-12-27,Phone
5012,customer5012@example.com,9729033082,901 Sample Street,Mumbai,Singapore,159807,2024-01-07,Phone
7495,customer7495@example.com,9752503569,515 Sample Street,Hyderabad,Singapore,375848,2025-02-20,Email
5029,customer5029@example.com,9601088692,125 Sample Street,Hyderabad,Singapore,185166,2023-01-01,SMS
10642,customer10642@example.com,9368178998,494 Sample Street,Pune,Singapore,261081,2024-05-06,Phone
2106,customer2106@example.com,9688231924,405 Sample Street,Singapore,India,140149,2023-01-01,Email
10364,customer10364@example.com,9660189150,755 Sample Street,Kolkata,Singapore,412849,2024-09-06,Phone
5954,customer5954@example.com,9495893651,474 Sample Street,Hyderabad,India,498138,2025-03-25,SMS
1137,customer1137@example.com,123,520 Sample Street,Hyderabad,India,411385,2023-01-01,Email
2541,customer2541@example.com,123,911 Sample Street,Hyderabad,Singapore,276355,2024-10-28,Phone
1142,customer1142@example.com,9329446338,838 Sample Street,Delhi,India,629214,2025-07-22,SMS
2276,customer2276@example.com,9151453261,653 Sample Street,Pune,Singapore,881738,2023-09-25,Phone
2807,customer2807@example.com,9535333862,915 Sample Street,Mumbai,Singapore,769221,2024-05-30,Phone
6471,customer6471@example.com,9383831143,855 Sample Street,Hyderabad,Singapore,778525,2024-05-25,Phone
6131,customer6131@example.com,9459319896,580 Sample Street,Chennai,India,600201,2024-09-11,Email
6233,customer6233@example.com,9284241391,194 Sample Street,Pune,Singapore,987099,2023-11-09,Email
4148,customer4148@example.com,9647064369,879 Sample Street,Mumbai,Singapore,190417,2023-01-01,Phone
4947,customer4947@example.com,9000496197,772 Sample Street,Pune,Singapore,355083,2024-07-20,Email
3225,customer3225@example.com,9971229051,817 Sample Street,Mumbai,Singapore,784687,2023-07-19,Phone
7540,customer7540@example.com,9535899707,361 Sample Street,Bangalore,Singapore,683029,2024-06-27,SMS
10648,customer10648@example.com,9455831819,601 Sample Street,Delhi,Singapore,738273,2025-12-21,Email
1992,customer1992@example.com,9789898136,60 Sample Street,Kolkata,India,579809,2025-02-15,SMS
7851,customer7851@example.com,9237518143,125 Sample Street,Kolkata,India,211462,2025-03-28,SMS
8594,customer8594@example.com,9494171957,454 Sample Street,Pune,Singapore,612035,2024-02-17,Phone
7059,customer7059@example.com,9353780331,294 Sample Street,Mumbai,India,829282,2024-03-10,Phone
2815,customer2815@example.com,9434726506,142 Sample Street,Chennai,India,839644,2024-01-22,SMS
2416,customer2416@example.com,9085143670,245 Sample Street,Singapore,India,747952,2024-09-13,SMS
7999,customer7999@example.com,9256732485,511 Sample Street,Mumbai,India,291896,2024-05-05,Phone
9213,customer9213@example.com,9514876036,608 Sample Street,Kolkata,Singapore,697578,2024-06-15,Email
9697,customer9697@example.com,9759232094,111 Sample Street,Pune,India,911136,2023-09-06,Email
3916,customer3916@example.com,9135720224,475 Sample Street,Mumbai,India,861195,2025-06-12,Phone
2021,customer2021@example.com,9338632525,987 Sample Street,Singapore,India,237900,2025-07-15,SMS
1581,customer1581@example.com,9853452737,810 Sample Street,Bangalore,India,641529,2023-12-12,SMS
564,customer564@example.com,9296837262,780 Sample Street,Kolkata,Singapore,285550,2024-10-20,Email
6619,customer6619@example.com,9995125350,938 Sample Street,Kolkata,Singapore,576379,2024-06-04,Phone
9081,customer9081@example.com,9277357663,921 Sample Street,Mumbai,Singapore,435513,2023-08-16,Email
178,customer178@example.com,9244478855,953 Sample Street,Bangalore,India,640277,2025-04-17,Phone
916,customer916@example.com,9069586618,538 Sample Street,Delhi,India,510520,2025-11-09,Phone
5512,customer5512@example.com,9203202378,947 Sample Street,Chennai,India,901125,2024-04-24,Phone
8970,customer8970@example.com,9453956896,278 Sample Street,Pune,Singapore,536048,2024-01-11,SMS
10581,customer10581@example.com,9089986153,673 Sample Street,Pune,Singapore,594080,2023-12-16,Phone
5300,customer5300@example.com,9413035930,71 Sample Street,Mumbai,India,163965,2025-07-08,Phone
5154,customer5154@example.com,9827723138,658 Sample Street,Chennai,Singapore,886939,2024-11-15,Phone
8346,,9234069683,542 Sample Street,Mumbai,Singapore,566589,2025-03-30,Phone
1676,customer1676@example.com,9131946099,599 Sample Street,Chennai,India,105209,2023-12-15,Email
9286,customer9286@example.com,9557752414,542 Sample Street,Mumbai,India,664984,2025-11-30,SMS
2426,customer2426@example.com,9945685460,747 Sample Street,Hyderabad,India,527709,2025-09-07,Email
5172,customer5172@example.com,9136451261,748 Sample Street,Mumbai,India,854085,2024-11-07,SMS
5562,customer5562@example.com,9909313017,22 Sample Street,Pune,Singapore,773217,2025-07-14,Phone
3436,customer3436@example.com,9598684662,631 Sample Street,Chennai,Singapore,374864,2025-04-12,Email
3921,,9954649496,890 Sample Street,Pune,India,218542,2025-09-01,Email
3403,customer3403@example.com,9229255227,520 Sample Street,Bangalore,Singapore,251542,2025-09-02,Email
22,,9332427628,828 Sample Street,Mumbai,India,303085,2025-02-03,Email
10965,customer10965@example.com,9486651857,113 Sample Street,Singapore,India,376452,2024-10-31,SMS
9426,customer9426@example.com,9097708180,700 Sample Street,Delhi,India,814221,2024-12-30,Email
6605,,9838654811,315 Sample Street,Delhi,Singapore,259163,2025-02-17,SMS
3136,customer3136@example.com,9827873038,994 Sample Street,Delhi,India,822927,2025-02-13,Email
8737,customer8737@example.com,9975764835,850 Sample Street,Hyderabad,India,747534,2023-09-05,SMS
11088,customer11088@example.com,9196118622,309 Sample Street,Bangalore,India,270521,2023-12-14,SMS
716,customer716@example.com,9578026567,502 Sample Street,Chennai,India,930738,2023-09-05,Email
466,customer466@example.com,9602304921,127 Sample Street,Bangalore,India,302210,2025-07-18,Phone
9135,customer9135@example.com,9565527665,85 Sample Street,Bangalore,India,355719,2023-01-01,SMS
10623,customer10623@example.com,9880562661,855 Sample Street,Kolkata,India,742510,2025-05-22,Phone
8151,customer8151@example.com,9486617272,682 Sample Street,Hyderabad,India,645926,2025-11-13,Email
5140,customer5140@example.com,9358484970,343 Sample Street,Bangalore,Singapore,816435,2025-09-23,Phone
10160,customer10160@example.com,9540818918,134 Sample Street,Singapore,India,XX999,2025-04-28,Phone
4945,customer4945@example.com,9551726420,664 Sample Street,Mumbai,Singapore,826546,2025-08-09,Phone
10584,customer10584@example.com,9037203801,345 Sample Street,Mumbai,Singapore,785967,2023-12-26,Phone
6071,customer6071@example.com,9262852809,915 Sample Street,Kolkata,Singapore,399488,2023-09-07,Phone
3386,customer3386@example.com,9761185495,864 Sample Street,Mumbai,Singapore,237263,2023-01-01,Phone
8939,customer8939@example.com,9699831738,479 Sample Street,Pune,Singapore,917166,2024-08-04,Phone
9925,customer9925@example.com,9788930283,69 Sample Street,Singapore,India,196502,2025-04-16,SMS
4320,customer4320@example.com,9311399872,496 Sample Street,Pune,Singapore,800606,2025-01-01,Phone
5389,customer5389@example.com,9842493749,508 Sample Street,Mumbai,India,124648,2025-02-28,Email
6036,customer6036@example.com,9615766764,151 Sample Street,Singapore,India,947516,2025-06-10,Email
182,customer182@example.com,9924681360,493 Sample Street,Pune,Singapore,434977,2024-03-08,Email
203,customer203@example.com,123,587 Sample Street,Singapore,India,954901,2023-09-03,Phone
11025,customer11025@example.com,9425278386,547 Sample Street,Delhi,India,859990,2025-04-07,Phone
10203,customer10203@example.com,9025362085,232 Sample Street,Singapore,Singapore,679250,2024-05-28,Email
4607,customer4607@example.com,9132906913,921 Sample Street,Chennai,Singapore,948389,2025-06-01,Email
3711,customer3711@example.com,9586079212,75 Sample Street,Hyderabad,Singapore,486213,2025-06-27,Phone
3696,customer3696@example.com,9294576723,112 Sample Street,Bangalore,India,853375,2024-01-07,Email
2532,customer2532@example.com,9680775322,758 Sample Street,Singapore,Singapore,171916,2024-04-26,Phone
9214,customer9214@example.com,9605668940,690 Sample Street,Kolkata,Singapore,880862,2024-09-05,Email
4943,customer4943@example.com,9480242323,270 Sample Street,Kolkata,Singapore,591966,2024-12-30,SMS
35,customer35@example.com,9073611515,27 Sample Street,Bangalore,Singapore,991150,2024-06-19,Phone
2258,customer2258@example.com,9367281773,753 Sample Street,Hyderabad,Singapore,450988,2023-01-01,SMS
4322,customer4322@example.com,9181156685,14 Sample Street,Pune,Singapore,415783,2025-01-20,SMS
713,customer713@example.com,9510487344,22 Sample Street,Hyderabad,Singapore,769986,2024-09-04,SMS
4702,customer4702@example.com,9190096134,935 Sample Street,Mumbai,India,330881,2023-01-01,Email
3281,customer3281@example.com,9506844328,165 Sample Street,Singapore,India,703623,2024-01-20,Phone
702,customer702@example.com,9498183555,674 Sample Street,Singapore,India,486486,2023-01-01,Phone
2004,customer2004@example.com,9501600073,260 Sample Street,Chennai,Singapore,955121,2025-03-25,Phone
4769,customer4769@example.com,9098635161,874 Sample Street,Mumbai,India,497783,2025-11-07,Email
4437,customer4437@example.com,9071504690,79 Sample Street,Mumbai,India,395830,2025-07-04,Email
8724,customer8724@example.com,9291932671,618 Sample Street,Singapore,India,845222,2025-03-12,SMS
10741,customer10741@example.com,9559030314,474 Sample Street,Pune,Singapore,617965,2024-07-30,SMS
1991,customer1991@example.com,9927253757,65 Sample Street,Kolkata,India,952208,2024-12-29,SMS
6931,customer6931@example.com,9762586253,126 Sample Street,Delhi,Singapore,259132,2024-08-21,Email
11096,customer11096@example.com,9891016905,398 Sample Street,Kolkata,Singapore,913526,2025-06-09,Phone
304,customer304@example.com,9752762812,114 Sample Street,Bangalore,Singapore,904732,2023-07-20,Email
3665,customer3665@example.com,9345402044,528 Sample Street,Singapore,India,567435,2023-07-26,Phone
10591,customer10591@example.com,9579039086,391 Sample Street,Hyderabad,India,104011,2024-02-09,Phone
5036,customer5036@example.com,9613621910,485 Sample Street,Singapore,Singapore,331237,2023-01-01,Phone
5547,customer5547@example.com,9830549521,902 Sample Street,Pune,Singapore,900812,2025-09-27,SMS
7822,,9669690368,69 Sample Street,Pune,India,468444,2025-08-25,Email
8541,customer8541@example.com,9690656922,855 Sample Street,Pune,India,987196,2024-07-05,Phone
10955,customer10955@example.com,9088662916,617 Sample Street,Kolkata,India,410272,2024-06-08,Phone
4368,customer4368@example.com,9356969134,126 Sample Street,Delhi,India,696923,2025-06-07,SMS
9671,customer9671@example.com,9092927801,442 Sample Street,Kolkata,India,317726,2025-03-16,SMS
2256,customer2256@example.com,9168659098,101 Sample Street,Chennai,Singapore,282447,2024-11-01,SMS
4279,customer4279@example.com,9458777007,229 Sample Street,Hyderabad,Singapore,301528,2025-08-25,Phone
5371,customer5371@example.com,9878300417,954 Sample Street,Delhi,India,576874,2025-01-26,Phone
9240,customer9240@example.com,123,101 Sample Street,Mumbai,Singapore,133324,2025-10-12,Phone
9460,customer9460@example.com,9080313778,205 Sample Street,Chennai,India,853818,2023-11-11,Phone
9504,customer9504@example.com,9462939899,686 Sample Street,Hyderabad,Singapore,636667,2024-10-26,SMS
8692,customer8692@example.com,9142109200,588 Sample Street,Kolkata,India,268112,2024-02-06,Phone
448,customer448@example.com,9206927334,630 Sample Street,Singapore,India,802214,2025-11-17,SMS
8314,customer8314@example.com,9375008959,200 Sample Street,Hyderabad,India,889660,2024-09-02,SMS
8420,customer8420@example.com,9536899609,121 Sample Street,Singapore,Singapore,870348,2024-01-09,SMS
3174,customer3174@example.com,9233910907,894 Sample Street,Hyderabad,India,930049,2023-12-16,SMS
7685,customer7685@example.com,9943719866,337 Sample Street,Delhi,Singapore,892879,2024-12-18,Email
3179,,9133267132,674 Sample Street,Kolkata,Singapore,963787,2024-08-11,Email
9780,customer9780@example.com,9535135427,71 Sample Street,Mumbai,Singapore,432255,2024-06-21,SMS
10681,customer10681@example.com,9253446429,581 Sample Street,Pune,India,362678,2024-02-09,Phone
10232,customer10232@example.com,9482509474,889 Sample Street,Singapore,Singapore,848810,2024-11-06,SMS
4184,customer4184@example.com,9797266956,238 Sample Street,Kolkata,India,496456,2024-07-29,Phone
9120,customer9120@example.com,9900220639,397 Sample Street,Kolkata,Singapore,748033,2025-09-18,SMS
891,customer891@example.com,9458314210,330 Sample Street,Delhi,India,805377,2023-11-20,Phone
10381,customer10381@example.com,9728817943,522 Sample Street,Pune,India,784500,2023-01-01,Email
3525,customer3525@example.com,9739514541,478 Sample Street,Mumbai,Singapore,127302,2025-12-13,SMS
6818,customer6818@example.com,9766809555,701 Sample Street,Delhi,India,785611,2025-10-08,SMS
3526,customer3526@example.com,9969502157,563 Sample Street,Hyderabad,Singapore,950185,2025-09-04,Phone
8181,customer8181@example.com,9747548670,443 Sample Street,Chennai,India,277169,2024-01-01,Email
1029,customer1029@example.com,9839983999,25 Sample Street,Chennai,India,399850,2023-11-03,Email
7369,customer7369@example.com,9183766704,258 Sample Street,Mumbai,Singapore,964785,2024-02-15,Email
2574,customer2574@example.com,9041322151,622 Sample Street,Kolkata,Singapore,533917,2025-10-06,SMS
8159,customer8159@example.com,9749630199,164 Sample Street,Kolkata,Singapore,211776,2024-07-26,SMS
1160,customer1160@example.com,9783921429,279 Sample Street,Pune,India,408474,2025-02-26,SMS
10242,customer10242@example.com,9071487184,410 Sample Street,Mumbai,India,187453,2025-07-04,Phone
5253,customer5253@example.com,9229799114,982 Sample Street,Delhi,Singapore,504427,2025-04-19,Phone
5966,customer5966@example.com,9469976784,397 Sample Street,Bangalore,Singapore,105636,2024-09-30,Email
5314,customer5314@example.com,9938419767,924 Sample Street,Delhi,Singapore,653375,2025-01-12,Phone
5081,customer5081@example.com,9345039464,496 Sample Street,Singapore,India,482188,2025-05-10,SMS
5123,customer5123@example.com,9067637498,300 Sample Street,Pune,India,206379,2024-05-10,SMS
5756,customer5756@example.com,9408453572,197 Sample Street,Delhi,Singapore,782465,2023-01-01,Email
8036,customer8036@example.com,9169995340,71 Sample Street,Chennai,India,636119,2025-09-19,SMS
9058,customer9058@example.com,123,307 Sample Street,Kolkata,India,610473,2023-01-01,Phone
5057,customer5057@example.com,9531738613,101 Sample Street,Mumbai,Singapore,979554,2024-07-30,Phone
254,customer254@example.com,9412861838,255 Sample Street,Mumbai,India,583761,2025-06-09,Phone
4179,customer4179@example.com,9934190690,368 Sample Street,Pune,Singapore,477082,2023-08-27,SMS
3710,,9729569056,150 Sample Street,Delhi,Singapore,488227,2024-10-26,Phone
7627,customer7627@example.com,9836610776,382 Sample Street,Singapore,Singapore,404094,2025-05-08,SMS
4501,customer4501@example.com,9721670983,464 Sample Street,Delhi,India,146015,2024-09-11,Email
6424,customer6424@example.com,9325051816,636 Sample Street,Delhi,India,745936,2024-05-24,SMS
3075,customer3075@example.com,9647396543,207 Sample Street,Bangalore,India,929590,2024-03-05,SMS
4992,customer4992@example.com,9440142133,468 Sample Street,Chennai,Singapore,180691,2025-12-14,Phone
5252,customer5252@example.com,9684311469,992 Sample Street,Bangalore,India,628425,2025-03-11,Email
7444,customer7444@example.com,9649995247,193 Sample Street,Chennai,Singapore,472454,2025-10-16,SMS
6919,customer6919@example.com,9440804983,445 Sample Street,Delhi,Singapore,250823,2024-02-24,Email
3537,customer3537@example.com,9231070039,620 Sample Street,Pune,Singapore,308137,2025-09-29,Email
10277,customer10277@example.com,9580694763,916 Sample Street,Mumbai,Singapore,897157,2024-02-08,SMS
2453,customer2453@example.com,9847415820,193 Sample Street,Chennai,Singapore,248866,2024-11-02,SMS
7972,customer7972@example.com,9428728563,436 Sample Street,Hyderabad,Singapore,651595,2025-09-15,Phone
895,,9147665240,599 Sample Street,Chennai,India,444912,2024-08-11,Phone
1177,customer1177@example.com,123,329 Sample Street,Bangalore,India,256688,2025-03-25,Phone
7141,customer7141@example.com,9132046145,763 Sample Street,Kolkata,Singapore,714342,2025-10-13,SMS
7232,customer7232@example.com,9637358437,285 Sample Street,Singapore,Singapore,872291,2025-03-01,Phone
8477,customer8477@example.com,9741982107,715 Sample Street,Hyderabad,India,324866,2025-03-29,Phone
2457,customer2457@example.com,9008725230,725 Sample Street,Bangalore,India,176208,2023-01-01,SMS
988,customer988@example.com,123,428 Sample Street,Delhi,India,781543,2023-01-01,SMS
7930,customer7930@example.com,9163158872,547 Sample Street,Pune,India,350449,2024-12-09,Phone
4587,customer4587@example.com,9363815635,311 Sample Street,Delhi,India,345847,2025-05-30,SMS
6682,customer6682@example.com,9068941956,658 Sample Street,Mumbai,India,393313,2023-01-01,Email
6222,customer6222@example.com,9903682666,674 Sample Street,Kolkata,Singapore,657765,2024-08-22,Phone
10299,customer10299@example.com,123,515 Sample Street,Kolkata,Singapore,714229,2025-10-20,Email
3083,customer3083@example.com,9220671396,600 Sample Street,Mumbai,Singapore,727763,2024-03-27,Phone
8953,customer8953@example.com,9249824753,152 Sample Street,Hyderabad,India,428634,2023-01-01,Email
1503,customer1503@example.com,9238475278,296 Sample Street,Delhi,India,868460,2025-02-12,SMS
8650,customer8650@example.com,9503702081,761 Sample Street,Pune,Singapore,656620,2025-07-06,Email
10862,customer10862@example.com,9139562297,581 Sample Street,Kolkata,India,311027,2024-04-27,Phone
2782,customer2782@example.com,9688479087,886 Sample Street,Chennai,India,758767,2024-04-02,Email
6941,customer6941@example.com,9227496479,874 Sample Street,Mumbai,India,547603,2025-07-24,SMS
10972,customer10972@example.com,9276158381,946 Sample Street,Kolkata,Singapore,639087,2024-12-02,Email
10708,customer10708@example.com,9660565515,852 Sample Street,Pune,Singapore,943352,2025-02-01,Email
6583,customer6583@example.com,9074030514,786 Sample Street,Chennai,India,301893,2024-12-24,SMS
3641,customer3641@example.com,9442991605,358 Sample Street,Kolkata,India,132930,2024-05-02,SMS
10156,customer10156@example.com,9184646379,493 Sample Street,Singapore,Singapore,681529,2025-08-27,Phone
4299,customer4299@example.com,9694546149,560 Sample Street,Delhi,India,952318,2025-08-08,SMS
3469,customer3469@example.com,9859263273,523 Sample Street,Pune,India,757253,2024-10-17,Phone
5063,customer5063@example.com,9046513102,291 Sample Street,Singapore,India,274750,2024-11-16,Email
10727,,9608532211,126 Sample Street,Bangalore,India,456843,2024-08-11,SMS
9624,customer9624@example.com,9948115913,502 Sample Street,Chennai,Singapore,454388,2023-01-01,Phone
5156,customer5156@example.com,9502949495,255 Sample Street,Kolkata,India,429963,2025-12-07,SMS
4376,customer4376@example.com,9740423764,834 Sample Street,Mumbai,Singapore,575573,2025-07-31,Email
8923,customer8923@example.com,9599587704,199 Sample Street,Hyderabad,India,573919,2024-09-03,Phone
8461,customer8461@example.com,9472547379,302 Sample Street,Pune,Singapore,339646,2024-08-22,Email
6945,customer6945@example.com,9889953354,342 Sample Street,Hyderabad,Singapore,281062,2024-11-21,Email
944,customer944@example.com,9875540888,511 Sample Street,Singapore,Singapore,727290,2025-05-31,SMS
1907,,9920764969,676 Sample Street,Pune,India,557576,2025-03-25,SMS
701,customer701@example.com,9918840699,948 Sample Street,Kolkata,Singapore,268600,2024-02-08,SMS
3856,customer3856@example.com,9259541991,599 Sample Street,Delhi,India,584353,2023-01-01,SMS
4149,customer4149@example.com,9543673000,763 Sample Street,Pune,Singapore,990752,2025-09-07,Phone
2131,customer2131@example.com,9382675907,511 Sample Street,Chennai,India,105577,2023-01-01,SMS
2942,customer2942@example.com,123,847 Sample Street,Kolkata,India,685842,2024-06-01,Phone
1173,customer1173@example.com,9429116891,215 Sample Street,Singapore,India,213606,2025-02-21,Phone
4381,customer4381@example.com,9626090418,895 Sample Street,Mumbai,India,307302,2024-03-29,SMS
4611,customer4611@example.com,9314307253,439 Sample Street,Chennai,Singapore,822648,2024-05-20,SMS
3376,customer3376@example.com,9920425734,181 Sample Street,Kolkata,India,359427,2024-02-26,SMS
4679,customer4679@example.com,9333411815,66 Sample Street,Bangalore,Singapore,625332,2024-04-30,SMS
10928,customer10928@example.com,9665940280,101 Sample Street,Kolkata,Singapore,417953,2023-12-08,SMS
4248,customer4248@example.com,9029692312,297 Sample Street,Hyderabad,Singapore,880498,2025-09-01,SMS
6728,customer6728@example.com,9413662409,106 Sample Street,Bangalore,Singapore,339647,2025-10-20,SMS
6661,customer6661@example.com,9049800331,9 Sample Street,Mumbai,Singapore,918749,2024-02-05,Email
4725,customer4725@example.com,9185793118,945 Sample Street,Kolkata,India,123723,2025-05-16,Phone
3277,customer3277@example.com,9221959193,570 Sample Street,Delhi,India,988943,2025-02-23,SMS
5555,customer5555@example.com,9536034714,374 Sample Street,Bangalore,India,998628,2023-01-01,SMS
2564,customer2564@example.com,9890212988,922 Sample Street,Kolkata,Singapore,178209,2025-11-01,SMS
946,customer946@example.com,9238262668,642 Sample Street,Delhi,Singapore,101468,2023-12-06,SMS
3867,customer3867@example.com,9811499978,162 Sample Street,Pune,India,508548,2023-01-01,SMS
6940,customer6940@example.com,9655622987,565 Sample Street,Hyderabad,India,285541,2023-10-14,Email
55,customer55@example.com,9909031619,658 Sample Street,Kolkata,India,207092,2025-09-24,SMS
7093,customer7093@example.com,9735417188,115 Sample Street,Pune,India,181171,2024-09-01,SMS
5084,customer5084@example.com,9824726792,896 Sample Street,Kolkata,Singapore,812625,2024-02-20,Email
1777,customer1777@example.com,9680242066,538 Sample Street,Chennai,India,742911,2024-07-27,Email
8162,customer8162@example.com,9749440945,975 Sample Street,Chennai,India,393132,2024-11-16,SMS
10826,,9060114960,666 Sample Street,Bangalore,India,519503,2023-12-11,Phone
8754,customer8754@example.com,9510515971,923 Sample Street,Kolkata,India,367688,2025-10-22,SMS
1987,customer1987@example.com,9906955559,935 Sample Street,Chennai,India,437547,2025-09-25,Email
11007,customer11007@example.com,9526671848,394 Sample Street,Hyderabad,India,756884,2024-02-07,Phone
7426,customer7426@example.com,9831812912,742 Sample Street,Delhi,India,755337,2024-04-10,Email
9153,customer9153@example.com,9560221683,460 Sample Street,Chennai,Singapore,448292,2023-09-20,Phone
10379,customer10379@example.com,9834018147,99 Sample Street,Kolkata,India,551989,2025-01-11,SMS
9204,customer9204@example.com,9692598902,770 Sample Street,Kolkata,Singapore,349495,2025-06-01,Email
3197,customer3197@example.com,9152792980,437 Sample Street,Chennai,India,222357,2023-08-28,Email
2920,customer2920@example.com,9185648049,379 Sample Street,Mumbai,Singapore,561823,2024-06-25,Email
6961,customer6961@example.com,9307932617,302 Sample Street,Singapore,Singapore,905589,2025-06-01,SMS
4673,customer4673@example.com,9484420170,423 Sample Street,Bangalore,Singapore,660733,2025-07-12,Email
9937,customer9937@example.com,9426817821,871 Sample Street,Hyderabad,India,734388,2025-11-05,SMS
8779,,9434353181,633 Sample Street,Kolkata,Singapore,152127,2025-12-07,SMS
9596,customer9596@example.com,9588200242,908 Sample Street,Delhi,Singapore,582863,2023-09-30,SMS
2891,customer2891@example.com,9224156852,892 Sample Street,Delhi,India,905684,2023-01-01,SMS
4910,customer4910@example.com,9477507713,508 Sample Street,Kolkata,India,417455,2024-08-22,SMS
75,customer75@example.com,9396878716,384 Sample Street,Bangalore,India,490732,2024-02-02,Phone
10120,customer10120@example.com,9130458971,305 Sample Street,Chennai,Singapore,513841,2023-11-19,Email
6327,customer6327@example.com,9394629164,782 Sample Street,Bangalore,Singapore,195310,2024-10-26,Email
10142,customer10142@example.com,9084068093,158 Sample Street,Hyderabad,Singapore,351666,2024-02-09,Email
9826,customer9826@example.com,9671606718,929 Sample Street,Hyderabad,India,179888,2024-07-20,Email
1501,customer1501@example.com,9527413839,202 Sample Street,Chennai,Singapore,368116,2023-01-01,Email
10767,customer10767@example.com,9906297204,690 Sample Street,Chennai,Singapore,730698,2025-05-19,Phone
7279,customer7279@example.com,9085738184,829 Sample Street,Chennai,India,148037,2025-04-18,SMS
7230,customer7230@example.com,9356060451,943 Sample Street,Kolkata,Singapore,241774,2025-05-10,SMS
143,customer143@example.com,9989569790,910 Sample Street,Kolkata,India,573319,2024-11-08,Email
450,customer450@example.com,9975831149,137 Sample Street,Mumbai,India,974722,2025-02-16,Email
9316,customer9316@example.com,9735952420,496 Sample Street,Kolkata,India,371334,2023-01-01,SMS
6379,customer6379@example.com,9624419133,388 Sample Street,Delhi,Singapore,812917,2023-10-07,SMS
9239,customer9239@example.com,9569271741,439 Sample Street,Pune,India,246429,2023-01-01,SMS
8315,customer8315@example.com,9592822467,412 Sample Street,Bangalore,Singapore,272106,2023-01-01,SMS
2868,customer2868@example.com,9849254316,141 Sample Street,Hyderabad,India,420580,2025-04-17,SMS
10888,customer10888@example.com,9788224491,865 Sample Street,Pune,Singapore,189031,2025-05-04,Phone
1277,,9001552311,399 Sample Street,Mumbai,Singapore,889404,2023-09-06,Email
9977,customer9977@example.com,9605275174,888 Sample Street,Kolkata,India,257541,2025-03-18,Email
10196,customer10196@example.com,9755701876,919 Sample Street,Singapore,India,994932,2024-02-28,Phone
6384,customer6384@example.com,9592391177,618 Sample Street,Bangalore,India,446229,2025-05-10,Phone
8029,,9473340017,103 Sample Street,Pune,India,392926,2024-02-15,SMS
968,customer968@example.com,9984167664,754 Sample Street,Singapore,India,497797,2024-03-29,SMS
6988,customer6988@example.com,9918654299,916 Sample Street,Pune,Singapore,830351,2024-12-18,Email
4472,customer4472@example.com,9726666192,58 Sample Street,Mumbai,India,299176,2025-03-04,Phone
6991,customer6991@example.com,9218983826,119 Sample Street,Delhi,India,337902,2025-01-31,SMS
3336,customer3336@example.com,9793224092,798 Sample Street,Chennai,Singapore,760501,2023-11-23,SMS
4301,customer4301@example.com,9481155718,367 Sample Street,Chennai,India,943521,2025-01-18,SMS
1940,customer1940@example.com,9091674505,236 Sample Street,Bangalore,Singapore,908062,2025-09-20,Email
1272,,9203074078,298 Sample Street,Kolkata,Singapore,386305,2025-08-18,Phone
1388,customer1388@example.com,9762164531,281 Sample Street,Pune,India,500706,2023-11-30,SMS
1044,customer1044@example.com,9671576205,136 Sample Street,Kolkata,Singapore,XX999,2024-11-07,Email
6969,customer6969@example.com,9710035800,989 Sample Street,Mumbai,India,875372,2024-11-23,SMS
10479,customer10479@example.com,9944957280,276 Sample Street,Pune,Singapore,309720,2025-05-08,SMS
3619,customer3619@example.com,9798082980,177 Sample Street,Mumbai,Singapore,786296,2023-01-01,SMS
1715,customer1715@example.com,9536496770,56 Sample Street,Bangalore,Singapore,180771,2025-04-24,Email
10159,customer10159@example.com,9723563365,477 Sample Street,Pune,India,207338,2024-10-19,Email
1463,customer1463@example.com,9096666997,457 Sample Street,Bangalore,India,946056,2025-01-13,Email
5114,customer5114@example.com,9663870117,463 Sample Street,Kolkata,Singapore,314560,2025-04-01,Phone
4990,customer4990@example.com,9948678644,240 Sample Street,Delhi,India,907274,2023-10-03,Phone
4329,customer4329@example.com,9482266526,549 Sample Street,Singapore,India,889622,2024-05-14,SMS
10936,customer10936@example.com,9703009769,381 Sample Street,Chennai,Singapore,645648,2024-06-05,Phone
4692,customer4692@example.com,9130277755,181 Sample Street,Chennai,Singapore,856572,2024-04-25,SMS
7212,customer7212@example.com,9396086986,402 Sample Street,Bangalore,Singapore,661669,2024-04-08,Email
6086,customer6086@example.com,9321575841,656 Sample Street,Hyderabad,India,113703,2023-08-29,SMS
437,,9935978453,133 Sample Street,Mumbai,Singapore,151990,2023-01-01,Email
11171,customer11171@example.com,9955732641,162 Sample Street,Kolkata,Singapore,377834,2023-07-31,Phone
11101,,9705116905,318 Sample Street,Hyderabad,Singapore,728758,2024-06-23,Email
5329,customer5329@example.com,9765825310,44 Sample Street,Hyderabad,India,907039,2023-08-10,Phone
610,,9092310369,267 Sample Street,Kolkata,India,352773,2023-09-17,Phone
9384,customer9384@example.com,9813407754,552 Sample Street,Mumbai,Singapore,994738,2025-02-13,SMS
5956,customer5956@example.com,9142257136,512 Sample Street,Pune,Singapore,514384,2023-08-05,Email
10430,customer10430@example.com,9966003443,536 Sample Street,Hyderabad,Singapore,948182,2024-07-14,SMS
7875,customer7875@example.com,9690606978,12 Sample Street,Bangalore,Singapore,943810,2024-10-12,Email
7072,customer7072@example.com,9338629467,80 Sample Street,Chennai,India,467968,2024-12-02,SMS
6255,customer6255@example.com,9161681631,16 Sample Street,Hyderabad,India,666694,2024-05-23,Email
6516,customer6516@example.com,9404265741,297 Sample Street,Bangalore,India,185501,2023-01-01,Phone
5564,customer5564@example.com,9759686256,706 Sample Street,Delhi,India,269746,2025-02-12,Email
5682,customer5682@example.com,123,127 Sample Street,Mumbai,Singapore,534368,2024-04-15,SMS
7458,customer7458@example.com,9519004303,707 Sample Street,Hyderabad,Singapore,184433,2024-01-15,Email
5237,customer5237@example.com,9063494058,514 Sample Street,Bangalore,Singapore,236694,2023-09-01,Email
7761,,123,601 Sample Street,Singapore,India,952633,2024-02-23,SMS
5278,customer5278@example.com,9307304737,344 Sample Street,Singapore,Singapore,589858,2024-09-16,SMS
3560,customer3560@example.com,9201591500,901 Sample Street,Singapore,India,719225,2024-05-23,Phone
7235,customer7235@example.com,9872202070,341 Sample Street,Bangalore,Singapore,968408,2023-08-31,Email
10548,customer10548@example.com,9388199537,972 Sample Street,Delhi,India,110794,2023-07-30,Email
2281,customer2281@example.com,9698450515,873 Sample Street,Pune,India,988407,2024-03-08,Email
4073,customer4073@example.com,9972755529,193 Sample Street,Chennai,Singapore,105435,2025-03-06,SMS
6974,customer6974@example.com,123,799 Sample Street,Bangalore,India,547628,2025-08-09,Phone
7938,customer7938@example.com,9897786891,230 Sample Street,Chennai,Singapore,837550,2023-11-23,SMS
7094,customer7094@example.com,9527395811,71 Sample Street,Delhi,India,121390,2024-05-18,SMS
3667,customer3667@example.com,9387173196,934 Sample Street,Kolkata,Singapore,741629,2023-01-01,Phone
7723,customer7723@example.com,9401702143,573 Sample Street,Hyderabad,India,956534,2025-08-06,SMS
3870,customer3870@example.com,9735310073,453 Sample Street,Hyderabad,India,701802,2025-12-09,Email
4012,customer4012@example.com,9677591500,587 Sample Street,Chennai,India,723538,2025-07-23,Email
5909,customer5909@example.com,9409569239,187 Sample Street,Kolkata,Singapore,351881,2024-01-17,Email
10470,customer10470@example.com,9999207991,849 Sample Street,Chennai,Singapore,821565,2024-12-22,Phone
6488,customer6488@example.com,9663851008,340 Sample Street,Singapore,India,793812,2023-01-01,Phone
10270,customer10270@example.com,9738851968,646 Sample Street,Delhi,India,246479,2024-04-04,Email
6887,customer6887@example.com,9640246254,125 Sample Street,Chennai,Singapore,601072,2025-06-24,Phone
6406,customer6406@example.com,9957013189,920 Sample Street,Mumbai,India,511267,2025-11-26,Phone
7573,customer7573@example.com,9381710928,540 Sample Street,Mumbai,Singapore,681154,2024-04-05,Email
4508,customer4508@example.com,9909482848,506 Sample Street,Chennai,India,176693,2025-02-16,SMS
221,customer221@example.com,9866768856,162 Sample Street,Singapore,Singapore,889694,2025-12-24,Email
5331,customer5331@example.com,9002541893,420 Sample Street,Bangalore,India,684436,2023-09-08,Email
1911,customer1911@example.com,9793435275,426 Sample Street,Pune,India,658180,2024-07-10,Email
20,customer20@example.com,9199610640,783 Sample Street,Bangalore,Singapore,176675,2025-06-28,SMS
8786,customer8786@example.com,9396810169,694 Sample Street,Mumbai,India,962035,2025-10-29,Email
10582,customer10582@example.com,9040600192,317 Sample Street,Bangalore,India,724762,2025-02-16,Email
1915,customer1915@example.com,9089741450,971 Sample Street,Pune,India,XX999,2024-06-21,Phone
8897,customer8897@example.com,9814033598,387 Sample Street,Kolkata,India,393128,2025-06-01,Phone
2371,customer2371@example.com,9919551119,912 Sample Street,Chennai,India,390507,2026-01-01,SMS
4303,customer4303@example.com,9471479412,166 Sample Street,Kolkata,India,256810,2024-04-13,Email
6825,customer6825@example.com,9334181919,926 Sample Street,Kolkata,India,185192,2023-08-08,Email
1072,customer1072@example.com,9296353960,275 Sample Street,Pune,India,274588,2025-07-07,Phone
4964,customer4964@example.com,9058769758,531 Sample Street,Singapore,Singapore,581438,2024-07-13,SMS
2461,customer2461@example.com,9983681182,681 Sample Street,Delhi,Singapore,748140,2023-10-26,Phone
10736,customer10736@example.com,9451781557,378 Sample Street,Hyderabad,India,987963,2024-11-07,Email
3194,customer3194@example.com,9808963295,396 Sample Street,Bangalore,India,378060,2024-09-25,Email
10839,customer10839@example.com,9218213105,31 Sample Street,Hyderabad,Singapore,388569,2025-09-20,Phone
49,customer49@example.com,9991827722,236 Sample Street,Pune,India,534174,2023-09-01,Phone
4290,,123,53 Sample Street,Kolkata,India,611662,2025-09-14,Email
10219,customer10219@example.com,9373754333,651 Sample Street,Pune,Singapore,128876,2024-12-17,Email
4211,customer4211@example.com,9838959692,88 Sample Street,Kolkata,Singapore,589170,2023-08-05,SMS
1135,customer1135@example.com,9941959803,143 Sample Street,Singapore,Singapore,790527,2024-07-06,Email
6299,,9071073234,177 Sample Street,Singapore,Singapore,526941,2024-06-20,Phone
10846,customer10846@example.com,9250160639,558 Sample Street,Delhi,Singapore,786143,2025-05-17,Email
347,customer347@example.com,9785835782,66 Sample Street,Delhi,Singapore,731445,2025-12-13,Email
6543,customer6543@example.com,9078818646,61 Sample Street,Kolkata,India,112120,2024-07-31,Email
10446,customer10446@example.com,9530525531,495 Sample Street,Kolkata,India,291848,2025-01-29,Email
3479,customer3479@example.com,9290608046,83 Sample Street,Singapore,India,343768,2023-01-01,Email
11075,customer11075@example.com,9246342898,167 Sample Street,Singapore,India,594209,2025-12-10,SMS
4442,customer4442@example.com,9648230530,402 Sample Street,Chennai,Singapore,613214,2025-11-12,SMS
199,customer199@example.com,9876307328,522 Sample Street,Hyderabad,Singapore,625667,2025-08-07,Email
6722,customer6722@example.com,9814384881,702 Sample Street,Mumbai,Singapore,967838,2025-10-05,Email
796,customer796@example.com,9230008744,617 Sample Street,Bangalore,India,885890,2025-08-08,Phone
3749,customer3749@example.com,9685101099,345 Sample Street,Chennai,India,937007,2025-06-09,Email
8523,customer8523@example.com,9976271192,727 Sample Street,Pune,India,346256,2025-02-08,Phone
310,customer310@example.com,9634903009,849 Sample Street,Bangalore,Singapore,787318,2023-01-01,Phone
8629,customer8629@example.com,9312775988,52 Sample Street,Mumbai,Singapore,722207,2025-12-05,Email
236,,9009415605,104 Sample Street,Hyderabad,India,137067,2025-11-10,Phone
9930,customer9930@example.com,9695369899,496 Sample Street,Kolkata,Singapore,972700,2023-01-01,SMS
3483,customer3483@example.com,9462143473,751 Sample Street,Singapore,Singapore,770088,2023-12-21,Email
4599,customer4599@example.com,9967572990,528 Sample Street,Kolkata,India,389776,2024-06-12,SMS
7326,customer7326@example.com,9116197566,288 Sample Street,Pune,Singapore,941813,2025-05-13,SMS
7352,customer7352@example.com,9886892204,832 Sample Street,Singapore,Singapore,505854,2025-07-06,Email
2350,customer2350@example.com,9182754032,225 Sample Street,Kolkata,India,104507,2023-12-29,Email
9145,customer9145@example.com,9451253843,866 Sample Street,Mumbai,India,242245,2024-07-13,SMS
2964,,9162847597,253 Sample Street,Singapore,Singapore,546476,2025-03-09,Phone
5585,customer5585@example.com,9224927971,492 Sample Street,Singapore,Singapore,393219,2025-04-04,SMS
9687,customer9687@example.com,9339821880,710 Sample Street,Delhi,India,489913,2024-01-21,Email
3732,customer3732@example.com,9281506263,809 Sample Street,Chennai,Singapore,934212,2023-10-06,SMS
6303,customer6303@example.com,9751279695,334 Sample Street,Bangalore,India,290128,2023-01-01,SMS
11176,,9246623967,482 Sample Street,Pune,India,589464,2025-12-10,SMS
2986,customer2986@example.com,9755834803,327 Sample Street,Delhi,Singapore,723578,2025-11-16,SMS
7462,customer7462@example.com,9895789307,274 Sample Street,Pune,Singapore,361674,2025-06-08,Email
3900,customer3900@example.com,123,217 Sample Street,Hyderabad,Singapore,506529,2024-07-15,Email
7034,customer7034@example.com,9631745690,888 Sample Street,Pune,India,891043,2025-07-29,Phone
9493,customer9493@example.com,9801590379,240 Sample Street,Singapore,India,839860,2025-08-14,Phone
1143,customer1143@example.com,9850555754,687 Sample Street,Kolkata,Singapore,125457,2023-01-01,Phone
1,,9949316991,849 Sample Street,Hyderabad,India,901693,2025-11-03,Email
3855,customer3855@example.com,9000589048,158 Sample Street,Hyderabad,Singapore,817368,2024-10-26,SMS
5536,customer5536@example.com,123,793 Sample Street,Chennai,Singapore,952224,2024-03-01,SMS
5989,customer5989@example.com,9992021187,145 Sample Street,Mumbai,Singapore,704091,2025-01-01,Phone
9499,customer9499@example.com,9300312813,977 Sample Street,Delhi,India,992081,2025-03-15,SMS
6768,customer6768@example.com,9906357510,88 Sample Street,Delhi,India,897783,2024-01-20,Phone
2150,customer2150@example.com,123,181 Sample Street,Pune,Singapore,710108,2024-06-23,Email
6646,customer6646@example.com,9496336833,950 Sample Street,Singapore,India,167381,2024-04-11,Phone
4887,customer4887@example.com,9028554240,547 Sample Street,Pune,India,964899,2025-01-31,Email
8560,customer8560@example.com,9498329095,375 Sample Street,Delhi,Singapore,611545,2025-10-31,Email
3321,customer3321@example.com,9703410754,957 Sample Street,Hyderabad,India,851240,2024-09-28,SMS
11003,customer11003@example.com,9197980672,670 Sample Street,Hyderabad,Singapore,948883,2024-03-20,Email
10402,customer10402@example.com,9268257516,770 Sample Street,Mumbai,India,877393,2025-05-05,SMS
9904,customer9904@example.com,9006420950,841 Sample Street,Mumbai,India,834769,2023-09-06,Phone
6141,customer6141@example.com,9655433297,183 Sample Street,Singapore,India,681176,2024-03-16,Phone
5687,,9693604243,338 Sample Street,Hyderabad,Singapore,895818,2025-10-27,SMS
10856,customer10856@example.com,9097439432,693 Sample Street,Bangalore,Singapore,240547,2024-05-21,SMS
5121,customer5121@example.com,9029976102,832 Sample Street,Hyderabad,Singapore,477332,2025-06-30,Email
4186,customer4186@example.com,9022428039,858 Sample Street,Chennai,India,923683,2025-05-06,Phone
368,customer368@example.com,9105264863,277 Sample Street,Kolkata,Singapore,435076,2025-07-15,Email
3312,,123,828 Sample Street,Delhi,India,483426,2024-10-10,Phone
11121,customer11121@example.com,9352050805,497 Sample Street,Hyderabad,India,961579,2025-11-08,Phone
5332,customer5332@example.com,9256004580,717 Sample Street,Mumbai,India,556243,2024-03-23,Phone
5848,customer5848@example.com,9798213102,599 Sample Street,Bangalore,India,720140,2023-12-27,SMS
10343,customer10343@example.com,9107472675,493 Sample Street,Bangalore,India,863580,2024-03-10,Email
5935,customer5935@example.com,9174604073,132 Sample Street,Delhi,India,657985,2025-09-03,Email
2895,,9451990365,512 Sample Street,Hyderabad,India,953152,2025-03-19,SMS
10262,customer10262@example.com,9734679613,42 Sample Street,Hyderabad,India,947883,2023-09-22,Phone
7848,customer7848@example.com,9982298927,754 Sample Street,Pune,India,569837,2023-07-24,SMS
9477,customer9477@example.com,9210178164,659 Sample Street,Delhi,India,940597,2025-06-13,Phone
4856,customer4856@example.com,9046379488,473 Sample Street,Bangalore,India,707200,2025-04-19,Phone
7186,customer7186@example.com,9239895085,708 Sample Street,Delhi,India,331773,2025-10-10,Phone
5794,customer5794@example.com,9262197370,735 Sample Street,Chennai,India,553028,2024-08-27,SMS
1456,customer1456@example.com,9803597246,801 Sample Street,Bangalore,India,920254,2024-12-17,Phone
4877,customer4877@example.com,9778551233,184 Sample Street,Chennai,India,751021,2024-07-06,Phone
425,customer425@example.com,9933024588,457 Sample Street,Mumbai,Singapore,499130,2023-01-01,SMS
3007,customer3007@example.com,9871005864,443 Sample Street,Delhi,Singapore,419055,2023-01-01,SMS
1031,customer1031@example.com,9010257298,506 Sample Street,Kolkata,Singapore,392164,2024-02-07,Phone
4297,customer4297@example.com,9721140186,784 Sample Street,Chennai,Singapore,466590,2023-09-07,Phone
807,customer807@example.com,9586485530,741 Sample Street,Kolkata,Singapore,222431,2023-08-27,SMS
9553,customer9553@example.com,9877482208,214 Sample Street,Chennai,Singapore,416855,2024-08-28,Phone
4271,customer4271@example.com,9881163071,558 Sample Street,Delhi,India,954082,2025-06-19,Phone
4120,customer4120@example.com,9266165988,610 Sample Street,Mumbai,India,362838,2024-04-02,SMS
2036,customer2036@example.com,9450653083,258 Sample Street,Kolkata,India,945279,2023-07-29,SMS
115,customer115@example.com,9145700348,891 Sample Street,Hyderabad,Singapore,460701,2025-12-26,Phone
4259,customer4259@example.com,9674408582,208 Sample Street,Mumbai,Singapore,866164,2023-09-21,Email
8687,customer8687@example.com,9947173990,157 Sample Street,Pune,Singapore,461732,2025-10-17,SMS
2447,customer2447@example.com,9067226327,195 Sample Street,Singapore,India,751100,2024-07-09,Phone
10140,customer10140@example.com,9610570982,259 Sample Street,Hyderabad,Singapore,615882,2025-08-12,Email
9353,customer9353@example.com,9082930304,485 Sample Street,Mumbai,India,523501,2024-05-09,Email
3623,customer3623@example.com,9673632532,607 Sample Street,Bangalore,India,997246,2025-12-24,Phone
738,customer738@example.com,9465946591,365 Sample Street,Hyderabad,India,644444,2023-09-10,SMS
7631,customer7631@example.com,9212075175,48 Sample Street,Delhi,India,819542,2024-05-25,Email
4789,customer4789@example.com,9062753789,898 Sample Street,Kolkata,Singapore,839663,2024-05-05,Phone
773,customer773@example.com,9544927747,986 Sample Street,Hyderabad,Singapore,931710,2024-04-10,Email
10602,customer10602@example.com,9218183190,420 Sample Street,Delhi,India,443288,2024-05-24,Phone
1446,customer1446@example.com,9838509581,70 Sample Street,Pune,India,740337,2024-04-14,Email
3270,customer3270@example.com,9768601562,441 Sample Street,Kolkata,India,454060,2025-03-05,Phone
8443,customer8443@example.com,9655049269,467 Sample Street,Mumbai,India,908036,2024-05-29,SMS
9653,customer9653@example.com,9291573876,686 Sample Street,Kolkata,India,892214,2025-06-05,Email
8916,customer8916@example.com,9540203923,739 Sample Street,Chennai,Singapore,811451,2025-10-24,SMS
8017,customer8017@example.com,9568607489,845 Sample Street,Mumbai,Singapore,386539,2025-02-11,Phone
5830,,9412986021,225 Sample Street,Mumbai,Singapore,227192,2024-06-13,SMS
4597,customer4597@example.com,9410610166,874 Sample Street,Bangalore,Singapore,493781,2025-05-02,SMS
7023,customer7023@example.com,9228383135,166 Sample Street,Delhi,India,746132,2024-01-30,SMS
8086,customer8086@example.com,9024508292,555 Sample Street,Hyderabad,India,485921,2024-04-19,Email
8825,customer8825@example.com,9251638986,271 Sample Street,Hyderabad,Singapore,643803,2025-03-12,Email
2930,customer2930@example.com,9241967869,735 Sample Street,Hyderabad,India,669935,2023-12-18,Email
1928,customer1928@example.com,9785911386,626 Sample Street,Bangalore,India,514983,2025-10-30,SMS
7108,customer7108@example.com,9687201135,4 Sample Street,Hyderabad,India,XX999,2025-05-03,Email
10925,customer10925@example.com,9559907252,400 Sample Street,Bangalore,Singapore,109422,2024-04-23,Phone
9960,customer9960@example.com,9140862352,284 Sample Street,Mumbai,Singapore,185350,2024-12-17,SMS
8800,customer8800@example.com,9584329022,55 Sample Street,Delhi,India,987766,2025-02-03,Phone
9224,customer9224@example.com,9027866752,527 Sample Street,Bangalore,India,264486,2026-01-01,Email
5519,customer5519@example.com,9089635065,916 Sample Street,Chennai,India,472598,2025-11-12,SMS
5046,customer5046@example.com,9032014703,142 Sample Street,Pune,India,770051,2024-01-24,SMS
7037,customer7037@example.com,9675062576,240 Sample Street,Hyderabad,Singapore,688041,2024-02-08,Phone
905,customer905@example.com,9880007962,669 Sample Street,Pune,India,216481,2024-02-26,SMS
8624,customer8624@example.com,9269752516,478 Sample Street,Delhi,India,819530,2023-12-02,SMS
8945,customer8945@example.com,9637363469,211 Sample Street,Mumbai,Singapore,445753,2025-03-15,Phone
6445,customer6445@example.com,9242960884,297 Sample Street,Mumbai,Singapore,167945,2024-05-23,Phone
2727,customer2727@example.com,9542739257,797 Sample Street,Mumbai,Singapore,183038,2024-06-28,Phone
6404,customer6404@example.com,9541181122,196 Sample Street,Delhi,India,764406,2025-04-28,Phone
11074,customer11074@example.com,9138190978,279 Sample Street,Delhi,India,959575,2023-10-09,Phone
10150,customer10150@example.com,9317183032,236 Sample Street,Delhi,India,408213,2023-01-01,SMS
1968,customer1968@example.com,9671559499,791 Sample Street,Delhi,Singapore,150818,2024-11-12,Phone
6534,customer6534@example.com,9398321437,71 Sample Street,Chennai,Singapore,XX999,2023-08-10,Email
9485,customer9485@example.com,9129884217,879 Sample Street,Pune,India,624261,2024-07-29,SMS
7053,customer7053@example.com,9600919204,815 Sample Street,Singapore,India,735486,2025-11-28,Email
4654,customer4654@example.com,9075828802,838 Sample Street,Kolkata,Singapore,498471,2025-06-20,Email
9760,customer9760@example.com,9485663334,997 Sample Street,Hyderabad,India,351831,2025-09-19,Phone
1048,,9160039611,929 Sample Street,Kolkata,India,346553,2024-06-03,SMS
10619,customer10619@example.com,9685919986,507 Sample Street,Kolkata,India,497243,2025-04-12,Email
9308,customer9308@example.com,9138320659,336 Sample Street,Mumbai,Singapore,989589,2025-10-17,Email
10505,customer10505@example.com,9359723903,747 Sample Street,Chennai,Singapore,329707,2023-01-01,Phone
8362,customer8362@example.com,123,834 Sample Street,Bangalore,India,932345,2025-05-02,Email
2625,customer2625@example.com,9195905321,167 Sample Street,Kolkata,India,171240,2024-11-25,SMS
4637,customer4637@example.com,9581644683,793 Sample Street,Mumbai,Singapore,122462,2024-11-14,Phone
9972,,9983218154,446 Sample Street,Pune,Singapore,402788,2023-01-01,SMS
4483,customer4483@example.com,9543859992,266 Sample Street,Kolkata,Singapore,784677,2025-02-18,Phone
4487,customer4487@example.com,9049578213,872 Sample Street,Mumbai,Singapore,723226,2024-06-21,Phone
4988,customer4988@example.com,9723291354,19 Sample Street,Singapore,India,920449,2024-09-16,Phone
8931,customer8931@example.com,9080656220,580 Sample Street,Pune,Singapore,402865,2025-03-26,Phone
5871,customer5871@example.com,9726685070,563 Sample Street,Mumbai,Singapore,471178,2025-01-26,Email
2008,customer2008@example.com,9786824970,632 Sample Street,Pune,India,226534,2024-07-22,Email
3139,customer3139@example.com,9995014190,886 Sample Street,Delhi,Singapore,245871,2024-01-21,Email
10037,customer10037@example.com,9775201494,346 Sample Street,Singapore,India,977933,2023-01-01,SMS
10673,customer10673@example.com,9081693674,413 Sample Street,Chennai,Singapore,928667,2025-12-21,Phone
5303,customer5303@example.com,9039294995,546 Sample Street,Chennai,India,987558,2025-01-02,SMS
538,customer538@example.com,9209289553,719 Sample Street,Chennai,Singapore,287223,2025-08-06,Email
7922,customer7922@example.com,9684435120,626 Sample Street,Hyderabad,Singapore,155063,2025-02-14,Phone
5692,customer5692@example.com,9542444223,983 Sample Street,Delhi,Singapore,405019,2024-11-16,Email
4843,customer4843@example.com,9193309707,647 Sample Street,Delhi,India,884184,2024-07-31,Email
6383,customer6383@example.com,9479296348,327 Sample Street,Hyderabad,India,916309,2024-04-08,Email
1628,customer1628@example.com,9698392708,749 Sample Street,Chennai,India,442368,2025-04-12,Phone
1204,,9626512994,458 Sample Street,Kolkata,Singapore,904371,2024-06-19,SMS
3673,customer3673@example.com,9374492751,178 Sample Street,Mumbai,India,792008,2023-10-12,SMS
760,customer760@example.com,9698540552,787 Sample Street,Chennai,India,107887,2024-11-13,Phone
8957,customer8957@example.com,9226919912,122 Sample Street,Kolkata,India,834459,2023-08-31,SMS
4128,customer4128@example.com,9268936877,521 Sample Street,Singapore,Singapore,390157,2025-09-30,SMS
6810,customer6810@example.com,9424743765,581 Sample Street,Kolkata,India,517165,2023-12-07,Email
5386,customer5386@example.com,9913770148,218 Sample Street,Hyderabad,Singapore,291082,2023-10-09,Phone
8700,customer8700@example.com,9694057614,398 Sample Street,Bangalore,India,721839,2024-02-19,Phone
3202,customer3202@example.com,9389052845,571 Sample Street,Pune,India,481784,2023-01-01,Phone
1328,customer1328@example.com,9783544315,937 Sample Street,Delhi,India,399355,2023-09-06,Phone
8405,customer8405@example.com,9652038121,158 Sample Street,Singapore,Singapore,360705,2024-06-27,Email
6515,customer6515@example.com,9726721726,652 Sample Street,Kolkata,Singapore,438608,2023-12-30,Email
2882,customer2882@example.com,9582657223,371 Sample Street,Delhi,India,417192,2025-09-12,Phone
7574,customer7574@example.com,9357744596,557 Sample Street,Singapore,India,512028,2025-12-19,Email
6387,customer6387@example.com,9635644165,699 Sample Street,Delhi,India,449379,2023-12-09,Email
5320,,9269378243,654 Sample Street,Chennai,Singapore,214427,2024-05-04,SMS
5048,customer5048@example.com,9959372405,11 Sample Street,Pune,India,596564,2025-12-25,Email
8146,customer8146@example.com,9877233488,234 Sample Street,Pune,Singapore,287435,2023-12-27,Email
10031,customer10031@example.com,9701670268,440 Sample Street,Hyderabad,India,142039,2023-01-01,SMS
5748,customer5748@example.com,9892707670,694 Sample Street,Bangalore,India,422038,2023-11-12,SMS
2134,customer2134@example.com,9446256013,813 Sample Street,Mumbai,Singapore,533855,2023-01-01,Email
1523,customer1523@example.com,9950946587,15 Sample Street,Bangalore,India,510275,2024-07-26,Email
9665,customer9665@example.com,9467489337,977 Sample Street,Delhi,Singapore,726087,2023-12-07,SMS
4640,customer4640@example.com,9031374060,259 Sample Street,Kolkata,Singapore,857739,2025-03-01,Email
3635,customer3635@example.com,9595504570,341 Sample Street,Pune,Singapore,280786,2025-07-08,Phone
3547,customer3547@example.com,9769648412,916 Sample Street,Delhi,India,234670,2025-02-11,Email
2456,customer2456@example.com,9264456997,969 Sample Street,Bangalore,India,573050,2024-08-04,Email
5633,customer5633@example.com,9447864208,293 Sample Street,Mumbai,Singapore,424792,2023-01-01,Phone
7801,customer7801@example.com,9343107345,798 Sample Street,Pune,India,967415,2023-12-17,Email
10489,customer10489@example.com,9763536049,464 Sample Street,Hyderabad,Singapore,955566,2025-05-13,SMS
7011,customer7011@example.com,9368438487,820 Sample Street,Delhi,Singapore,844298,2025-11-20,SMS
2620,customer2620@example.com,9649344885,990 Sample Street,Singapore,Singapore,107043,2025-04-22,Phone
3933,customer3933@example.com,9121454148,212 Sample Street,Pune,Singapore,951481,2024-05-18,SMS
10981,customer10981@example.com,9228300661,105 Sample Street,Delhi,India,869640,2023-09-18,SMS
1734,customer1734@example.com,9222537408,401 Sample Street,Kolkata,Singapore,154645,2025-10-29,Email
10995,customer10995@example.com,9294969785,399 Sample Street,Mumbai,Singapore,847386,2025-09-19,Email
6357,customer6357@example.com,9789386440,770 Sample Street,Hyderabad,India,679897,2025-08-08,Phone
9209,customer9209@example.com,9759408221,564 Sample Street,Pune,Singapore,646363,2024-07-05,Email
10286,customer10286@example.com,9896725950,678 Sample Street,Chennai,Singapore,400159,2025-05-10,Email
2611,customer2611@example.com,9222997438,441 Sample Street,Chennai,Singapore,362128,2025-09-26,SMS
1600,customer1600@example.com,9746094291,162 Sample Street,Chennai,Singapore,495032,2025-04-24,SMS
3308,customer3308@example.com,9336991225,275 Sample Street,Bangalore,India,674388,2025-05-04,Phone
5407,customer5407@example.com,9792566129,266 Sample Street,Singapore,Singapore,490659,2025-02-25,Phone
2166,customer2166@example.com,9126692024,599 Sample Street,Hyderabad,Singapore,994995,2025-04-08,Email
3955,customer3955@example.com,9051235564,551 Sample Street,Kolkata,Singapore,401857,2025-01-14,SMS
6634,customer6634@example.com,9970195092,455 Sample Street,Singapore,India,XX999,2024-01-21,Phone
3056,,9320895580,214 Sample Street,Delhi,India,788235,2025-07-21,SMS
5718,customer5718@example.com,9574119429,915 Sample Street,Hyderabad,India,146023,2024-07-06,SMS
6872,customer6872@example.com,9483074102,121 Sample Street,Delhi,India,907856,2023-12-08,Email
8164,customer8164@example.com,9779797378,71 Sample Street,Singapore,Singapore,964845,2023-10-29,Email
4580,,9187426128,308 Sample Street,Chennai,Singapore,801347,2025-02-11,Email
9305,customer9305@example.com,9282145059,579 Sample Street,Singapore,India,212035,2023-01-01,SMS
453,customer453@example.com,9785648395,405 Sample Street,Chennai,India,850244,2024-05-23,Phone
8545,customer8545@example.com,9480465565,821 Sample Street,Hyderabad,Singapore,328495,2023-08-28,SMS
9850,customer9850@example.com,123,815 Sample Street,Delhi,India,429095,2023-01-01,Email
7378,customer7378@example.com,9492429405,762 Sample Street,Chennai,Singapore,440191,2023-01-01,SMS
7646,customer7646@example.com,9337131092,940 Sample Street,Bangalore,Singapore,XX999,2023-11-20,SMS
1640,,9615773548,808 Sample Street,Pune,India,400065,2023-07-25,SMS
5184,customer5184@example.com,9660034362,423 Sample Street,Mumbai,India,673404,2024-07-15,SMS
8492,,9557765595,216 Sample Street,Hyderabad,Singapore,744576,2025-02-27,Email
11188,,9275166474,817 Sample Street,Bangalore,Singapore,131912,2024-04-14,Phone
1212,customer1212@example.com,9138131429,786 Sample Street,Mumbai,India,333725,2025-09-03,SMS
9097,,9494056087,940 Sample Street,Singapore,India,492653,2025-11-17,SMS
10473,customer10473@example.com,9764286997,46 Sample Street,Delhi,Singapore,726549,2024-08-12,Email
7962,customer7962@example.com,9472612146,843 Sample Street,Delhi,Singapore,586649,2024-06-10,Email
9984,customer9984@example.com,9909800975,390 Sample Street,Kolkata,India,610571,2023-01-01,SMS
5527,customer5527@example.com,9373176388,200 Sample Street,Chennai,Singapore,508224,2024-05-13,Phone
6374,customer6374@example.com,123,140 Sample Street,Delhi,India,174280,2025-03-26,SMS
7453,customer7453@example.com,9116775970,729 Sample Street,Mumbai,Singapore,396508,2024-09-09,Phone
8952,customer8952@example.com,9028488509,87 Sample Street,Hyderabad,India,768301,2024-03-27,SMS
241,customer241@example.com,9863615513,40 Sample Street,Mumbai,India,XX999,2023-01-01,SMS
8975,customer8975@example.com,9770138256,40 Sample Street,Mumbai,India,293708,2023-01-01,Phone
6119,customer6119@example.com,9254930671,263 Sample Street,Pune,Singapore,256837,2025-03-15,Phone
5236,customer5236@example.com,9319541965,764 Sample Street,Delhi,India,697518,2023-12-29,Email
5723,customer5723@example.com,9894880486,496 Sample Street,Chennai,Singapore,316741,2025-08-05,SMS
1710,customer1710@example.com,9603053083,252 Sample Street,Mumbai,Singapore,600812,2024-03-26,SMS
1970,customer1970@example.com,9788792140,931 Sample Street,Singapore,Singapore,547154,2024-06-05,Email
5313,,9364407394,591 Sample Street,Bangalore,Singapore,383083,2023-01-01,Phone
10634,customer10634@example.com,9081500838,315 Sample Street,Pune,India,916196,2024-01-06,Email
7010,customer7010@example.com,9057082005,699 Sample Street,Delhi,Singapore,605349,2023-08-21,SMS
8562,customer8562@example.com,9269222633,979 Sample Street,Hyderabad,Singapore,361161,2024-01-02,Phone
3158,customer3158@example.com,9813756613,26 Sample Street,Bangalore,India,499769,2023-12-06,SMS
4436,,9283915059,833 Sample Street,Pune,India,195967,2025-04-13,Email
5287,customer5287@example.com,9451182594,862 Sample Street,Pune,Singapore,101049,2025-11-29,SMS
2445,customer2445@example.com,9796157604,914 Sample Street,Singapore,Singapore,461317,2024-11-21,Email
6059,customer6059@example.com,9626477651,502 Sample Street,Singapore,India,XX999,2024-04-22,Email
4550,customer4550@example.com,9810452761,432 Sample Street,Kolkata,India,379819,2025-08-04,Phone
4240,customer4240@example.com,9086512094,377 Sample Street,Pune,Singapore,592492,2025-09-06,SMS
8911,customer8911@example.com,9424714597,360 Sample Street,Kolkata,Singapore,256270,2024-09-20,Phone
3706,customer3706@example.com,9838653175,924 Sample Street,Bangalore,India,672766,2025-09-25,SMS
3628,customer3628@example.com,9696517005,581 Sample Street,Chennai,Singapore,773400,2023-01-01,Phone
10175,customer10175@example.com,9616207276,620 Sample Street,Pune,India,500686,2023-11-24,Email
8985,customer8985@example.com,9060599763,721 Sample Street,Bangalore,Singapore,995043,2025-08-22,Email
5204,customer5204@example.com,9639096117,60 Sample Street,Hyderabad,Singapore,659865,2023-01-01,Email
9220,customer9220@example.com,9491475278,229 Sample Street,Pune,Singapore,172828,2023-11-24,Phone
9888,customer9888@example.com,9160919303,173 Sample Street,Singapore,India,509579,2023-09-12,SMS
5263,customer5263@example.com,9948041851,462 Sample Street,Chennai,Singapore,645042,2025-06-10,Email
1020,customer1020@example.com,9702907043,647 Sample Street,Bangalore,India,990861,2023-01-01,Phone
9503,customer9503@example.com,123,193 Sample Street,Singapore,Singapore,474344,2024-11-13,SMS
10613,customer10613@example.com,9859071872,525 Sample Street,Chennai,Singapore,326884,2023-01-01,Email
67,customer67@example.com,9083339857,652 Sample Street,Bangalore,India,850909,2024-10-23,SMS
6019,,9209637204,622 Sample Street,Pune,India,714769,2024-06-02,SMS
5863,customer5863@example.com,9522549802,947 Sample Street,Mumbai,Singapore,192447,2024-09-30,SMS
3717,customer3717@example.com,9572257592,196 Sample Street,Delhi,India,682176,2023-01-01,Email
6730,customer6730@example.com,9735258892,3 Sample Street,Singapore,India,694003,2025-07-30,SMS
10749,customer10749@example.com,9629775341,13 Sample Street,Delhi,Singapore,741058,2024-06-22,Phone
4998,customer4998@example.com,9541448762,90 Sample Street,Chennai,India,136051,2024-07-01,Phone
6287,customer6287@example.com,9287536297,976 Sample Street,Pune,India,940592,2025-08-27,Phone
5985,customer5985@example.com,9244919746,383 Sample Street,Chennai,Singapore,325295,2024-10-20,Email
4754,customer4754@example.com,9478337035,848 Sample Street,Bangalore,Singapore,103420,2023-01-01,SMS
4002,customer4002@example.com,9548983379,255 Sample Street,Mumbai,Singapore,381315,2025-09-10,Email
8870,customer8870@example.com,9104584552,304 Sample Street,Delhi,India,563819,2024-09-05,Phone
966,customer966@example.com,9030477491,396 Sample Street,Pune,India,328629,2024-07-22,Email
4767,customer4767@example.com,9634508937,693 Sample Street,Pune,Singapore,522122,2023-09-24,Phone
9725,customer9725@example.com,9073151412,219 Sample Street,Chennai,India,584469,2024-05-19,Phone
4475,customer4475@example.com,9526157084,901 Sample Street,Mumbai,Singapore,845692,2023-08-22,Email
5740,customer5740@example.com,9451537887,131 Sample Street,Chennai,Singapore,923513,2024-02-14,Email
5731,customer5731@example.com,9308452976,257 Sample Street,Pune,Singapore,925177,2025-07-30,Email
7290,customer7290@example.com,9498579096,723 Sample Street,Bangalore,India,308920,2023-10-19,Phone
3846,customer3846@example.com,9477211496,168 Sample Street,Singapore,India,470729,2023-08-07,Phone
8104,customer8104@example.com,9779213028,503 Sample Street,Delhi,Singapore,984544,2024-01-22,Phone
4507,customer4507@example.com,9963672916,213 Sample Street,Kolkata,Singapore,692052,2023-11-28,Email
11013,customer11013@example.com,9468756850,516 Sample Street,Kolkata,Singapore,330487,2024-03-10,Email
4491,customer4491@example.com,9292209050,917 Sample Street,Mumbai,Singapore,409091,2025-02-27,Email
3759,,9658583009,647 Sample Street,Bangalore,Singapore,224444,2024-06-21,Email
1162,customer1162@example.com,9215564761,895 Sample Street,Hyderabad,India,109759,2023-01-01,SMS
2055,customer2055@example.com,9844931416,427 Sample Street,Mumbai,India,237912,2024-06-15,Email
10766,customer10766@example.com,9054355516,382 Sample Street,Singapore,Singapore,427507,2025-12-20,Email
4415,customer4415@example.com,9891438377,214 Sample Street,Kolkata,Singapore,XX999,2025-12-17,Email
3005,customer3005@example.com,9798400199,405 Sample Street,Pune,Singapore,301664,2025-08-23,Email
2223,customer2223@example.com,9393082346,16 Sample Street,Kolkata,Singapore,922805,2024-05-28,Email
4817,customer4817@example.com,9065462081,301 Sample Street,Hyderabad,India,301081,2025-07-11,Phone
2875,customer2875@example.com,9279825606,500 Sample Street,Singapore,India,601775,2023-10-04,SMS
10536,customer10536@example.com,9733745406,870 Sample Street,Hyderabad,Singapore,965665,2024-04-23,Phone
11112,customer11112@example.com,9654741504,878 Sample Street,Bangalore,Singapore,326597,2024-08-01,Phone
3807,customer3807@example.com,9105241003,522 Sample Street,Chennai,India,564175,2024-09-24,Email
9197,customer9197@example.com,9539654914,825 Sample Street,Singapore,Singapore,507096,2023-01-01,SMS
10832,,9693202886,304 Sample Street,Chennai,India,694498,2023-01-01,Phone
6421,customer6421@example.com,9236614665,474 Sample Street,Kolkata,Singapore,247049,2023-09-11,Email
4207,customer4207@example.com,9720211140,426 Sample Street,Chennai,India,596733,2024-04-24,Email
577,customer577@example.com,9414937049,801 Sample Street,Hyderabad,Singapore,106553,2023-01-01,SMS
10855,customer10855@example.com,9370106105,662 Sample Street,Bangalore,Singapore,642057,2025-08-09,Phone
3081,customer3081@example.com,9092945284,973 Sample Street,Pune,India,896177,2023-01-01,SMS
3535,customer3535@example.com,9575357791,680 Sample Street,Kolkata,India,XX999,2024-12-30,SMS
247,customer247@example.com,9105694978,196 Sample Street,Pune,India,258502,2023-11-02,Phone
8707,customer8707@example.com,123,634 Sample Street,Delhi,Singapore,817817,2025-12-25,Phone
9523,customer9523@example.com,9074601045,794 Sample Street,Bangalore,Singapore,715032,2023-11-02,Phone
6072,customer6072@example.com,9642842225,337 Sample Street,Singapore,India,705507,2025-07-13,SMS
6295,customer6295@example.com,9724116924,259 Sample Street,Pune,Singapore,294469,2024-01-16,Email
10914,customer10914@example.com,9927127707,202 Sample Street,Mumbai,Singapore,985697,2024-02-18,SMS
1509,customer1509@example.com,9651467206,221 Sample Street,Bangalore,India,859860,2023-11-03,SMS
5577,,9079479946,451 Sample Street,Singapore,Singapore,617953,2024-08-02,SMS
7348,customer7348@example.com,9489328750,206 Sample Street,Hyderabad,India,626761,2025-11-19,Email
1127,customer1127@example.com,9052252954,228 Sample Street,Delhi,Singapore,674839,2025-08-25,SMS
1833,customer1833@example.com,9631603832,986 Sample Street,Pune,India,947833,2025-05-23,SMS
4944,customer4944@example.com,9209702214,410 Sample Street,Singapore,India,169634,2024-02-11,SMS
9080,customer9080@example.com,9733207064,628 Sample Street,Delhi,Singapore,355027,2024-12-22,Phone
6466,customer6466@example.com,9509715805,640 Sample Street,Chennai,Singapore,577799,2023-01-01,Phone
9964,customer9964@example.com,9145423638,395 Sample Street,Singapore,Singapore,278475,2024-07-25,Email
4790,customer4790@example.com,9914749778,538 Sample Street,Bangalore,Singapore,657829,2025-08-11,Email
10245,customer10245@example.com,9324521648,255 Sample Street,Kolkata,Singapore,498722,2025-08-29,Phone
1109,customer1109@example.com,9753849586,332 Sample Street,Bangalore,Singapore,XX999,2025-05-05,Phone
6001,customer6001@example.com,9312923529,830 Sample Street,Delhi,India,390320,2025-04-05,Email
5538,customer5538@example.com,9884868681,331 Sample Street,Singapore,Singapore,963498,2024-07-31,SMS
10552,customer10552@example.com,9654362710,107 Sample Street,Delhi,Singapore,610241,2023-09-30,SMS
1545,customer1545@example.com,9472617643,209 Sample Street,Pune,Singapore,XX999,2024-12-05,Phone
7409,customer7409@example.com,9938138347,800 Sample Street,Hyderabad,Singapore,765344,2025-04-04,Phone
4444,customer4444@example.com,9883183508,261 Sample Street,Chennai,India,894686,2024-09-06,Email
146,customer146@example.com,9308731838,202 Sample Street,Delhi,India,639618,2023-01-01,SMS
6271,customer6271@example.com,9931837179,165 Sample Street,Kolkata,India,XX999,2025-10-23,Email
10065,customer10065@example.com,9829393945,272 Sample Street,Pune,Singapore,380558,2024-11-25,SMS
4741,customer4741@example.com,9321980176,284 Sample Street,Delhi,India,600228,2024-04-24,Phone
246,customer246@example.com,9543068529,174 Sample Street,Chennai,Singapore,505427,2024-04-24,Email
375,customer375@example.com,9404086281,732 Sample Street,Singapore,India,957158,2023-09-01,SMS
1524,customer1524@example.com,9946541765,997 Sample Street,Singapore,Singapore,776708,2024-08-15,SMS
10022,customer10022@example.com,9085396844,520 Sample Street,Pune,Singapore,443782,2025-02-03,SMS
7451,customer7451@example.com,9791825516,281 Sample Street,Mumbai,India,795003,2024-09-30,Email
11010,customer11010@example.com,9071071554,944 Sample Street,Pune,Singapore,188754,2024-05-20,Email
4356,customer4356@example.com,9936671139,733 Sample Street,Pune,India,661032,2023-10-31,Email
3885,customer3885@example.com,9838249852,762 Sample Street,Mumbai,India,596184,2025-02-26,Phone
1175,customer1175@example.com,9337605728,698 Sample Street,Singapore,India,292589,2023-01-01,Email
880,customer880@example.com,9014070892,528 Sample Street,Bangalore,Singapore,935227,2025-01-13,Phone
2320,customer2320@example.com,9083006166,463 Sample Street,Chennai,Singapore,370041,2025-12-03,SMS
850,customer850@example.com,9860773737,53 Sample Street,Singapore,Singapore,238307,2023-01-01,Phone
4713,customer4713@example.com,9111892939,604 Sample Street,Kolkata,India,567667,2024-05-25,Email
675,customer675@example.com,9996483210,923 Sample Street,Hyderabad,India,681253,2023-09-13,Phone
5025,customer5025@example.com,9175416141,75 Sample Street,Pune,India,963945,2025-11-04,Email
2308,customer2308@example.com,9168463121,757 Sample Street,Kolkata,Singapore,660085,2023-10-26,Email
5995,customer5995@example.com,9623736560,147 Sample Street,Kolkata,Singapore,353301,2024-02-14,Email
6749,customer6749@example.com,9268209500,14 Sample Street,Chennai,Singapore,305719,2023-10-07,Phone
1010,customer1010@example.com,9847663142,159 Sample Street,Chennai,Singapore,867469,2023-01-01,Email
8977,customer8977@example.com,9502385307,302 Sample Street,Pune,Singapore,688730,2025-04-10,Phone
4756,customer4756@example.com,9757544997,743 Sample Street,Delhi,Singapore,634535,2024-10-15,SMS
3412,customer3412@example.com,9761865801,621 Sample Street,Mumbai,India,585119,2023-10-31,SMS
606,customer606@example.com,9240375002,686 Sample Street,Kolkata,Singapore,223225,2023-01-01,Phone
5961,customer5961@example.com,9772623832,645 Sample Street,Delhi,India,933334,2023-12-23,Email
2975,customer2975@example.com,9373195120,389 Sample Street,Singapore,Singapore,536056,2024-03-15,Phone
2894,,9641753312,815 Sample Street,Bangalore,Singapore,XX999,2025-08-08,Phone
7613,customer7613@example.com,9495535266,740 Sample Street,Chennai,India,166330,2025-04-14,Phone
10542,customer10542@example.com,9201987550,274 Sample Street,Bangalore,Singapore,556979,2023-08-03,Email
8015,customer8015@example.com,123,497 Sample Street,Hyderabad,India,840176,2024-01-11,Email
10617,customer10617@example.com,9361768535,495 Sample Street,Singapore,India,493238,2025-09-19,Email
11166,customer11166@example.com,9221002681,807 Sample Street,Hyderabad,Singapore,136080,2025-12-15,Phone
849,customer849@example.com,9547106577,194 Sample Street,Kolkata,Singapore,543853,2025-11-07,Email
523,customer523@example.com,9586178638,484 Sample Street,Singapore,Singapore,608907,2025-04-17,Email
4066,customer4066@example.com,9873776957,183 Sample Street,Chennai,Singapore,556388,2025-07-14,Phone
8414,customer8414@example.com,9317833416,783 Sample Street,Mumbai,India,929492,2023-10-19,Phone
819,customer819@example.com,9377452088,611 Sample Street,Kolkata,India,375251,2023-01-01,SMS
4961,customer4961@example.com,9257030175,25 Sample Street,Chennai,Singapore,489569,2023-11-26,SMS
749,customer749@example.com,9288524169,587 Sample Street,Hyderabad,Singapore,868103,2023-10-19,Phone
5430,customer5430@example.com,123,39 Sample Street,Hyderabad,India,810595,2023-10-22,Email
7755,customer7755@example.com,9238814031,520 Sample Street,Kolkata,Singapore,XX999,2023-10-09,Phone
10525,customer10525@example.com,9434442621,435 Sample Street,Kolkata,India,224714,2025-09-25,Phone
1453,customer1453@example.com,9732943876,239 Sample Street,Bangalore,India,688759,2025-04-24,SMS
8310,customer8310@example.com,9436057616,157 Sample Street,Singapore,Singapore,965061,2025-08-30,SMS
10710,customer10710@example.com,9430169247,989 Sample Street,Mumbai,Singapore,716108,2023-01-01,SMS
5031,customer5031@example.com,9541801033,725 Sample Street,Pune,India,247748,2024-05-28,SMS
2613,customer2613@example.com,9252170869,925 Sample Street,Bangalore,Singapore,859774,2023-10-13,Phone
213,,9325883948,896 Sample Street,Hyderabad,India,210401,2024-08-22,SMS
967,customer967@example.com,9407491816,312 Sample Street,Bangalore,India,854965,2023-12-14,Phone
1077,customer1077@example.com,9603600532,236 Sample Street,Mumbai,India,682334,2024-04-29,SMS
7959,customer7959@example.com,9899924948,667 Sample Street,Singapore,Singapore,969403,2023-10-31,Email
640,customer640@example.com,9309405996,337 Sample Street,Kolkata,Singapore,XX999,2024-11-19,Email
4252,customer4252@example.com,9087456356,267 Sample Street,Bangalore,Singapore,XX999,2024-03-27,Email
8432,customer8432@example.com,9514263055,775 Sample Street,Singapore,India,970670,2023-12-28,Email
6218,customer6218@example.com,9725918129,492 Sample Street,Hyderabad,Singapore,507435,2023-01-01,SMS
6905,customer6905@example.com,9804047771,968 Sample Street,Delhi,India,553739,2025-05-02,Phone
5922,customer5922@example.com,9065400596,602 Sample Street,Mumbai,Singapore,122873,2025-06-23,Phone
3598,customer3598@example.com,9834197128,50 Sample Street,Hyderabad,India,342821,2024-05-24,Phone
6116,customer6116@example.com,9365988930,610 Sample Street,Kolkata,Singapore,882351,2025-01-23,SMS
6263,customer6263@example.com,9971306378,508 Sample Street,Hyderabad,Singapore,455970,2023-01-01,Phone
10486,customer10486@example.com,9559755367,915 Sample Street,Delhi,Singapore,718214,2025-03-17,SMS
2410,customer2410@example.com,9700598354,92 Sample Street,Mumbai,Singapore,705950,2024-05-03,SMS
193,customer193@example.com,9582213921,657 Sample Street,Mumbai,India,564674,2024-07-29,SMS
3363,customer3363@example.com,9584244464,231 Sample Street,Pune,India,885608,2023-08-01,Phone
8278,customer8278@example.com,9147319288,792 Sample Street,Hyderabad,India,952119,2025-05-23,SMS
10660,customer10660@example.com,9705872011,23 Sample Street,Kolkata,Singapore,157941,2025-11-20,Email
8686,customer8686@example.com,9178630337,740 Sample Street,Chennai,India,655564,2023-01-01,Email
1604,customer1604@example.com,9963526523,202 Sample Street,Hyderabad,Singapore,931284,2023-11-28,Phone
5907,customer5907@example.com,9536134338,974 Sample Street,Pune,Singapore,158122,2024-03-04,Email
10669,customer10669@example.com,9157769369,230 Sample Street,Kolkata,India,731866,2025-09-28,Phone
2918,customer2918@example.com,9517768788,854 Sample Street,Singapore,India,711473,2024-07-27,Phone
5735,customer5735@example.com,9626899155,937 Sample Street,Chennai,India,103052,2023-01-01,Phone
359,customer359@example.com,9448767526,111 Sample Street,Mumbai,Singapore,805255,2024-02-29,Email
8387,customer8387@example.com,9621178225,507 Sample Street,Chennai,India,916473,2025-10-13,Phone
1829,customer1829@example.com,9523820266,683 Sample Street,Chennai,India,XX999,2024-05-06,SMS
3839,customer3839@example.com,9079799919,51 Sample Street,Mumbai,Singapore,434192,2024-01-09,Phone
9392,customer9392@example.com,9429157603,755 Sample Street,Bangalore,India,146901,2024-06-12,SMS
2292,customer2292@example.com,9868748647,311 Sample Street,Kolkata,India,402872,2024-07-13,Email
10466,customer10466@example.com,9086004785,924 Sample Street,Delhi,Singapore,225612,2023-10-31,Phone
9855,customer9855@example.com,9755341224,30 Sample Street,Hyderabad,Singapore,191860,2025-11-25,SMS
4088,,9457135408,499 Sample Street,Singapore,Singapore,529201,2024-10-18,Email
5231,customer5231@example.com,9645303809,771 Sample Street,Bangalore,Singapore,506782,2023-01-01,Email
590,customer590@example.com,9852632663,460 Sample Street,Singapore,India,189590,2025-12-06,Email
8732,customer8732@example.com,9101372955,429 Sample Street,Pune,Singapore,773832,2023-01-01,Phone
2315,customer2315@example.com,9519517347,814 Sample Street,Pune,India,276682,2024-04-10,SMS
3515,customer3515@example.com,9530678103,45 Sample Street,Hyderabad,Singapore,569284,2023-10-13,SMS
2245,customer2245@example.com,9045265324,419 Sample Street,Singapore,Singapore,593496,2023-01-01,Phone
6283,customer6283@example.com,9553319379,498 Sample Street,Kolkata,India,595496,2023-07-23,Email
2246,customer2246@example.com,9011562844,619 Sample Street,Kolkata,India,380371,2025-07-01,Phone
6606,customer6606@example.com,9733182369,264 Sample Street,Delhi,India,228471,2025-06-08,SMS
5545,customer5545@example.com,9369055517,174 Sample Street,Mumbai,India,544846,2023-11-26,Email
7342,customer7342@example.com,9441388583,47 Sample Street,Hyderabad,Singapore,867018,2025-02-15,Email
837,customer837@example.com,9107895158,844 Sample Street,Bangalore,Singapore,207154,2023-01-01,SMS
9500,customer9500@example.com,9141698643,700 Sample Street,Bangalore,Singapore,833902,2025-05-13,Phone
3602,customer3602@example.com,9799999041,624 Sample Street,Hyderabad,Singapore,428396,2024-07-12,SMS
234,customer234@example.com,9869758566,240 Sample Street,Singapore,India,355560,2025-12-06,Email
2995,customer2995@example.com,9703676236,296 Sample Street,Delhi,Singapore,622886,2024-10-05,Email
1118,customer1118@example.com,9886750051,62 Sample Street,Chennai,India,207271,2024-04-17,SMS
7789,customer7789@example.com,9175911644,824 Sample Street,Chennai,India,471467,2023-12-28,Phone
3068,customer3068@example.com,9683931200,711 Sample Street,Pune,India,375261,2025-11-15,Phone
8955,customer8955@example.com,9426120716,859 Sample Street,Bangalore,India,192529,2025-07-08,Phone
945,customer945@example.com,9897833190,618 Sample Street,Hyderabad,Singapore,197555,2025-10-20,Email
5644,customer5644@example.com,9971700368,144 Sample Street,Pune,India,402468,2023-08-20,Phone
7192,customer7192@example.com,9618827320,677 Sample Street,Mumbai,India,724652,2023-01-01,Email
2324,customer2324@example.com,9309777256,368 Sample Street,Pune,India,737096,2025-08-06,SMS
697,customer697@example.com,9859993009,437 Sample Street,Pune,India,564764,2023-12-14,Phone
3439,customer3439@example.com,9244074487,192 Sample Street,Chennai,Singapore,374348,2024-02-13,Email
1506,customer1506@example.com,9260048591,571 Sample Street,Bangalore,Singapore,632191,2023-12-03,SMS
232,customer232@example.com,9544253912,9 Sample Street,Hyderabad,India,753002,2023-01-01,SMS
8876,customer8876@example.com,9599834958,573 Sample Street,Delhi,Singapore,731359,2023-09-18,SMS
4500,customer4500@example.com,9704909564,625 Sample Street,Kolkata,India,178229,2025-10-24,Phone
9739,customer9739@example.com,9966125213,645 Sample Street,Hyderabad,India,941610,2024-08-14,Phone
10395,customer10395@example.com,9822545624,968 Sample Street,Singapore,Singapore,517983,2023-11-06,Phone
1176,customer1176@example.com,9913123398,592 Sample Street,Bangalore,India,713529,2023-08-16,SMS
1627,customer1627@example.com,9838854242,805 Sample Street,Pune,India,345620,2024-08-22,Email
938,customer938@example.com,9865437170,864 Sample Street,Delhi,India,412946,2024-01-24,Email
2740,customer2740@example.com,9536611118,526 Sample Street,Kolkata,Singapore,641060,2024-09-30,SMS
257,customer257@example.com,9744053251,312 Sample Street,Chennai,Singapore,844976,2025-06-12,SMS
4058,customer4058@example.com,9870981217,80 Sample Street,Pune,Singapore,228305,2025-11-05,Email
7736,customer7736@example.com,9106194422,621 Sample Street,Pune,Singapore,363211,2024-09-06,SMS
8210,customer8210@example.com,9532123537,995 Sample Street,Chennai,India,984907,2024-06-18,Phone
833,customer833@example.com,9273019125,856 Sample Street,Pune,India,737871,2023-12-16,SMS
6230,customer6230@example.com,9080912682,728 Sample Street,Chennai,India,118510,2025-07-17,Email
7325,customer7325@example.com,9963335348,620 Sample Street,Kolkata,Singapore,635382,2025-01-07,SMS
1307,customer1307@example.com,9446781219,199 Sample Street,Mumbai,India,920987,2025-11-13,Email
1502,customer1502@example.com,9113012690,230 Sample Street,Mumbai,India,552834,2024-12-27,SMS
6211,customer6211@example.com,9336277614,902 Sample Street,Chennai,India,555899,2023-12-12,Email
843,customer843@example.com,9939486101,707 Sample Street,Delhi,Singapore,421546,2023-10-07,Email
4174,customer4174@example.com,9298382049,554 Sample Street,Pune,India,878093,2025-05-19,SMS
9757,customer9757@example.com,9112431915,695 Sample Street,Kolkata,Singapore,137403,2025-02-06,Phone
6918,customer6918@example.com,9560520739,762 Sample Street,Delhi,Singapore,211597,2023-07-26,Phone
286,customer286@example.com,9339358497,184 Sample Street,Pune,Singapore,895907,2023-10-26,Phone
11086,customer11086@example.com,9988454278,783 Sample Street,Singapore,Singapore,281731,2023-12-03,Phone
1921,customer1921@example.com,9867242652,313 Sample Street,Chennai,Singapore,974075,2025-01-30,Email
4138,customer4138@example.com,9929622183,698 Sample Street,Delhi,India,982517,2025-07-08,Email
7718,customer7718@example.com,9869463961,215 Sample Street,Delhi,India,158334,2024-03-29,SMS
1291,customer1291@example.com,9302441308,97 Sample Street,Hyderabad,India,411493,2024-03-26,Phone
6862,customer6862@example.com,9206295535,699 Sample Street,Kolkata,India,983881,2024-06-17,Email
4136,customer4136@example.com,9781688405,335 Sample Street,Singapore,Singapore,840511,2025-04-13,SMS
803,,9010419930,919 Sample Street,Pune,Singapore,613959,2025-12-28,Phone
4298,customer4298@example.com,9170605541,498 Sample Street,Bangalore,Singapore,334648,2025-11-10,SMS
10833,customer10833@example.com,9465104321,218 Sample Street,Singapore,Singapore,579969,2023-11-12,Email
9606,customer9606@example.com,9313286278,983 Sample Street,Pune,India,238997,2025-11-27,Email
8534,customer8534@example.com,9472126706,873 Sample Street,Mumbai,India,XX999,2025-04-24,SMS
5153,customer5153@example.com,9227374233,408 Sample Street,Chennai,Singapore,190629,2025-09-05,Email
961,customer961@example.com,9852229109,289 Sample Street,Singapore,India,632451,2023-01-01,Phone
5011,customer5011@example.com,9878473424,60 Sample Street,Kolkata,India,452690,2025-12-12,Phone
6653,customer6653@example.com,9458095051,568 Sample Street,Delhi,India,106402,2023-01-01,Phone
9094,customer9094@example.com,9553419979,87 Sample Street,Pune,Singapore,816537,2023-09-17,Email
810,customer810@example.com,9604601825,287 Sample Street,Hyderabad,Singapore,184358,2023-01-01,Email
5493,customer5493@example.com,9431241303,176 Sample Street,Bangalore,Singapore,541174,2023-11-11,Email
2147,customer2147@example.com,9297550429,271 Sample Street,Singapore,Singapore,834784,2025-01-23,Email
5107,customer5107@example.com,9669993582,415 Sample Street,Pune,Singapore,938600,2024-09-05,Phone
3979,customer3979@example.com,9465977729,86 Sample Street,Chennai,Singapore,770774,2024-01-20,SMS
6049,customer6049@example.com,9993470534,203 Sample Street,Singapore,Singapore,920484,2024-02-12,SMS
8147,customer8147@example.com,9713405145,603 Sample Street,Singapore,Singapore,895063,2025-01-18,SMS
1857,customer1857@example.com,9543116460,785 Sample Street,Mumbai,India,108367,2025-08-06,Phone
3910,customer3910@example.com,9172019965,156 Sample Street,Hyderabad,Singapore,817511,2025-11-08,SMS
5207,customer5207@example.com,9972569006,541 Sample Street,Chennai,India,302682,2025-03-07,SMS
11114,customer11114@example.com,9224512524,649 Sample Street,Delhi,Singapore,582843,2024-08-08,SMS
5429,customer5429@example.com,9254455084,721 Sample Street,Singapore,India,659863,2025-03-13,Phone
9400,customer9400@example.com,9640887427,881 Sample Street,Mumbai,India,980914,2024-08-28,SMS
1740,customer1740@example.com,9636456966,247 Sample Street,Delhi,India,483898,2025-11-18,Email
7488,customer7488@example.com,9622611235,701 Sample Street,Mumbai,India,451591,2025-03-20,Email
195,customer195@example.com,9996311352,662 Sample Street,Mumbai,India,594132,2025-06-03,Email
635,customer635@example.com,9174168806,937 Sample Street,Bangalore,India,132309,2025-10-29,SMS
7527,customer7527@example.com,9133171238,561 Sample Street,Bangalore,India,943399,2025-06-25,SMS
10319,customer10319@example.com,9467479781,35 Sample Street,Hyderabad,India,319248,2025-02-28,Email
2296,customer2296@example.com,9407101488,610 Sample Street,Singapore,India,162497,2023-01-01,Email
10637,customer10637@example.com,9620520300,668 Sample Street,Kolkata,India,719185,2023-08-28,Email
2931,customer2931@example.com,9711997532,641 Sample Street,Singapore,Singapore,XX999,2025-06-21,SMS
907,customer907@example.com,9845409032,91 Sample Street,Mumbai,Singapore,XX999,2024-10-15,SMS
3698,customer3698@example.com,9667969135,387 Sample Street,Kolkata,Singapore,950766,2024-05-01,Email
9516,customer9516@example.com,9500409715,906 Sample Street,Mumbai,Singapore,638921,2023-10-20,Phone
679,customer679@example.com,9930231110,394 Sample Street,Bangalore,India,490929,2023-01-01,Phone
7384,customer7384@example.com,9294073831,915 Sample Street,Chennai,India,642516,2024-10-01,Email
5043,customer5043@example.com,9563692637,121 Sample Street,Mumbai,Singapore,501702,2025-09-04,Email
5267,customer5267@example.com,9718534946,254 Sample Street,Chennai,India,405480,2025-03-11,SMS
339,customer339@example.com,123,109 Sample Street,Pune,India,983479,2025-04-14,SMS
2516,customer2516@example.com,9829424903,262 Sample Street,Mumbai,Singapore,208417,2023-10-28,Email
9010,customer9010@example.com,9670334386,237 Sample Street,Singapore,Singapore,303729,2024-04-17,SMS
378,customer378@example.com,9805135452,389 Sample Street,Delhi,India,187073,2025-11-24,Phone
4808,customer4808@example.com,9207726872,79 Sample Street,Kolkata,India,965756,2024-10-25,SMS
5068,customer5068@example.com,9966843733,540 Sample Street,Mumbai,India,XX999,2023-12-26,Phone
7628,customer7628@example.com,9036889046,333 Sample Street,Delhi,Singapore,499158,2024-07-29,Phone
7128,customer7128@example.com,9593289370,583 Sample Street,Hyderabad,India,567099,2024-04-28,Phone
2811,customer2811@example.com,9034732139,222 Sample Street,Hyderabad,India,633676,2025-01-27,Phone
3551,customer3551@example.com,9946814982,161 Sample Street,Delhi,Singapore,379953,2024-05-22,Email
1663,customer1663@example.com,9540033559,174 Sample Street,Singapore,Singapore,982229,2024-02-29,Email
5543,customer5543@example.com,9986661156,925 Sample Street,Hyderabad,India,296339,2025-09-14,SMS
1577,customer1577@example.com,9266364093,471 Sample Street,Kolkata,Singapore,341452,2024-07-23,SMS
10641,customer10641@example.com,9110197770,721 Sample Street,Hyderabad,India,261545,2024-07-19,SMS
5336,customer5336@example.com,9571259316,468 Sample Street,Singapore,Singapore,878263,2025-05-31,Phone
6024,customer6024@example.com,9698369903,434 Sample Street,Kolkata,Singapore,132664,2025-06-08,Phone
1878,customer1878@example.com,9423590676,423 Sample Street,Kolkata,Singapore,852648,2024-06-24,Email
3099,customer3099@example.com,9368414374,697 Sample Street,Chennai,India,249138,2023-01-01,Email
6055,customer6055@example.com,9955392064,686 Sample Street,Bangalore,India,942809,2024-01-22,SMS
5841,,9072622981,446 Sample Street,Mumbai,India,741075,2024-12-24,SMS
3972,customer3972@example.com,9299664213,654 Sample Street,Bangalore,India,628446,2024-08-11,Phone
4394,customer4394@example.com,9377457043,704 Sample Street,Hyderabad,Singapore,583843,2024-05-25,SMS
5758,customer5758@example.com,9190564781,283 Sample Street,Singapore,Singapore,546732,2024-09-05,SMS
6658,customer6658@example.com,9842524259,997 Sample Street,Delhi,India,687453,2025-05-30,Phone
4603,customer4603@example.com,9257651670,703 Sample Street,Delhi,Singapore,131139,2024-03-09,Phone
8427,,9969610317,464 Sample Street,Pune,Singapore,530838,2023-01-01,Phone
10260,customer10260@example.com,9508590075,808 Sample Street,Chennai,Singapore,811863,2025-06-25,SMS
7143,customer7143@example.com,9796693818,330 Sample Street,Bangalore,India,796658,2023-01-01,Phone
8789,customer8789@example.com,9134109484,828 Sample Street,Bangalore,Singapore,111002,2025-02-22,Phone
6197,customer6197@example.com,9895233022,509 Sample Street,Kolkata,India,802221,2023-01-01,Email
4554,customer4554@example.com,9808011560,259 Sample Street,Kolkata,India,813569,2025-11-23,Phone
4937,customer4937@example.com,9811983485,378 Sample Street,Mumbai,India,178872,2024-12-05,SMS
1920,customer1920@example.com,9698447938,983 Sample Street,Singapore,Singapore,701958,2025-12-04,Phone
8749,customer8749@example.com,9236420659,255 Sample Street,Hyderabad,Singapore,924718,2023-08-24,SMS
1650,customer1650@example.com,9131760113,739 Sample Street,Singapore,Singapore,230704,2025-07-30,SMS
10377,customer10377@example.com,9180861144,964 Sample Street,Chennai,Singapore,468121,2025-06-27,SMS
9206,,123,641 Sample Street,Kolkata,India,589733,2024-07-28,Phone
10971,,9163444142,260 Sample Street,Singapore,Singapore,263148,2024-09-23,Phone
6398,customer6398@example.com,9387200523,257 Sample Street,Pune,India,546288,2024-07-18,SMS
9212,customer9212@example.com,9516603340,865 Sample Street,Pune,India,655462,2024-01-20,Email
7937,customer7937@example.com,9015518365,363 Sample Street,Mumbai,Singapore,544140,2025-07-15,Email
839,customer839@example.com,9276820104,848 Sample Street,Pune,India,114990,2025-03-10,SMS
4246,customer4246@example.com,9127943495,364 Sample Street,Chennai,India,217782,2025-02-18,SMS
158,customer158@example.com,9803847038,877 Sample Street,Mumbai,Singapore,465296,2023-01-01,Email
4832,customer4832@example.com,9326209193,145 Sample Street,Kolkata,Singapore,673392,2024-01-01,SMS
5621,customer5621@example.com,123,372 Sample Street,Hyderabad,Singapore,763621,2023-01-01,Phone
1945,customer1945@example.com,9663761784,671 Sample Street,Bangalore,Singapore,233107,2025-09-24,Email
5147,customer5147@example.com,9353664497,455 Sample Street,Hyderabad,Singapore,872333,2024-07-17,Phone
2535,customer2535@example.com,9669191969,839 Sample Street,Bangalore,India,383142,2025-06-19,Email
11039,customer11039@example.com,9018779058,688 Sample Street,Hyderabad,Singapore,334046,2025-03-12,SMS
9495,customer9495@example.com,9232587931,13 Sample Street,Mumbai,India,551095,2023-01-01,Phone
9635,customer9635@example.com,9578081077,859 Sample Street,Delhi,India,500662,2025-03-23,Email
2173,customer2173@example.com,9149320497,940 Sample Street,Singapore,India,826808,2025-03-29,SMS
942,customer942@example.com,9000103983,717 Sample Street,Kolkata,Singapore,585315,2024-03-26,SMS
9386,customer9386@example.com,9860033059,802 Sample Street,Delhi,Singapore,507002,2023-09-02,Email
5510,customer5510@example.com,9728680423,516 Sample Street,Hyderabad,India,808074,2024-09-13,SMS
873,customer873@example.com,9697949622,275 Sample Street,Hyderabad,India,860395,2025-02-28,SMS
2253,customer2253@example.com,9547449146,802 Sample Street,Bangalore,India,137117,2023-08-16,Phone
5181,customer5181@example.com,9648390776,984 Sample Street,Pune,India,873393,2025-11-28,Phone
979,customer979@example.com,9807764399,365 Sample Street,Delhi,Singapore,830782,2025-06-14,Phone
10390,customer10390@example.com,9950433687,699 Sample Street,Chennai,India,807597,2024-04-26,SMS
4698,customer4698@example.com,9451241235,389 Sample Street,Bangalore,Singapore,367913,2025-02-28,Email
7793,customer7793@example.com,123,177 Sample Street,Chennai,India,998612,2025-02-06,SMS
1745,customer1745@example.com,9001183201,198 Sample Street,Delhi,Singapore,117352,2023-09-18,SMS
10590,customer10590@example.com,9348673754,573 Sample Street,Pune,Singapore,789051,2024-09-18,Phone
5080,customer5080@example.com,9524863641,525 Sample Street,Kolkata,India,641301,2023-01-01,SMS
8369,customer8369@example.com,9675761585,852 Sample Street,Chennai,India,952902,2024-01-28,Email
5232,customer5232@example.com,9927889134,607 Sample Street,Mumbai,Singapore,101010,2024-05-23,Phone
2407,customer2407@example.com,9059180869,130 Sample Street,Delhi,Singapore,159789,2025-03-14,SMS
3834,customer3834@example.com,9714521521,159 Sample Street,Singapore,Singapore,892736,2025-04-23,Phone
7912,customer7912@example.com,9704526161,544 Sample Street,Delhi,India,317972,2025-11-24,SMS
7712,customer7712@example.com,9230289471,835 Sample Street,Chennai,Singapore,782121,2024-10-02,Email
1065,customer1065@example.com,9603955954,419 Sample Street,Chennai,Singapore,475233,2024-05-27,SMS
7275,customer7275@example.com,9220121756,993 Sample Street,Singapore,India,411173,2023-09-05,Phone
1343,customer1343@example.com,9526282637,830 Sample Street,Mumbai,Singapore,182673,2025-01-07,SMS
1384,customer1384@example.com,9875906061,536 Sample Street,Hyderabad,Singapore,581537,2024-09-06,SMS
9967,customer9967@example.com,9204494855,819 Sample Street,Chennai,Singapore,515732,2025-05-13,Phone
6181,customer6181@example.com,9621424890,36 Sample Street,Hyderabad,India,494079,2023-01-01,SMS
10507,,9110712130,341 Sample Street,Pune,Singapore,797600,2024-01-09,Email
2674,customer2674@example.com,9536658197,584 Sample Street,Chennai,Singapore,360314,2023-10-11,SMS
2698,customer2698@example.com,9355402671,99 Sample Street,Kolkata,Singapore,638611,2023-09-25,SMS
3231,customer3231@example.com,9424771538,522 Sample Street,Pune,Singapore,130273,2025-04-13,SMS
4096,customer4096@example.com,9059012849,394 Sample Street,Bangalore,India,247083,2024-05-18,Phone
10476,customer10476@example.com,9944024890,584 Sample Street,Delhi,Singapore,136368,2023-09-14,Email
5948,customer5948@example.com,9507466657,969 Sample Street,Delhi,Singapore,329147,2024-01-14,Phone
9140,customer9140@example.com,9161519510,903 Sample Street,Singapore,India,608034,2025-04-07,Phone
10258,customer10258@example.com,9354385515,871 Sample Street,Chennai,Singapore,197847,2025-02-17,Email
5675,customer5675@example.com,9789296607,383 Sample Street,Chennai,Singapore,486435,2023-01-01,Phone
4743,customer4743@example.com,9524940220,29 Sample Street,Kolkata,Singapore,228544,2025-09-05,Email
8805,customer8805@example.com,9386468950,534 Sample Street,Delhi,India,836496,2024-05-23,SMS
1542,customer1542@example.com,9374497704,668 Sample Street,Singapore,India,514452,2023-08-14,Phone
6770,customer6770@example.com,9066812306,926 Sample Street,Pune,Singapore,109145,2024-08-05,SMS
8773,customer8773@example.com,123,990 Sample Street,Pune,Singapore,XX999,2024-01-31,Email
10475,customer10475@example.com,9851072070,808 Sample Street,Mumbai,Singapore,110960,2025-01-22,Phone
10420,customer10420@example.com,9882345835,957 Sample Street,Hyderabad,Singapore,XX999,2025-03-16,Phone
7514,customer7514@example.com,9963883750,511 Sample Street,Bangalore,Singapore,206918,2024-12-13,SMS
2902,customer2902@example.com,9278200640,944 Sample Street,Pune,India,780213,2024-02-08,Phone
4345,customer4345@example.com,9366804926,500 Sample Street,Chennai,Singapore,911100,2024-09-29,SMS
793,customer793@example.com,9009110755,538 Sample Street,Kolkata,Singapore,253305,2024-12-05,Email
10909,customer10909@example.com,9435706787,727 Sample Street,Pune,India,917519,2025-11-12,Email
3769,customer3769@example.com,9123356395,185 Sample Street,Bangalore,Singapore,597821,2023-12-06,SMS
8702,customer8702@example.com,9209949927,218 Sample Street,Pune,India,311470,2025-04-04,Email
4791,customer4791@example.com,9122747513,192 Sample Street,Hyderabad,India,935624,2023-08-22,SMS
2963,customer2963@example.com,9344975965,814 Sample Street,Chennai,Singapore,781501,2025-08-29,SMS
8216,customer8216@example.com,9442694618,776 Sample Street,Pune,India,578174,2024-11-23,Phone
8140,customer8140@example.com,9157673261,766 Sample Street,Singapore,India,312916,2023-12-31,SMS
10146,customer10146@example.com,9603150620,63 Sample Street,Bangalore,India,626071,2023-12-21,SMS
5289,customer5289@example.com,9162874620,161 Sample Street,Mumbai,Singapore,969946,2025-09-10,Email
2587,customer2587@example.com,9704881602,182 Sample Street,Singapore,Singapore,899800,2025-11-21,Email
4405,customer4405@example.com,9163125987,730 Sample Street,Bangalore,India,828285,2025-02-05,Email
8663,customer8663@example.com,9833871708,745 Sample Street,Bangalore,India,356492,2025-02-17,SMS
2589,customer2589@example.com,9744243089,190 Sample Street,Mumbai,Singapore,766483,2024-11-09,Email
3421,customer3421@example.com,9504619851,728 Sample Street,Kolkata,India,411095,2024-06-20,Email
10490,customer10490@example.com,9003370920,921 Sample Street,Mumbai,Singapore,602857,2024-09-29,Email
4094,customer4094@example.com,9867041026,577 Sample Street,Delhi,India,712666,2023-01-01,SMS
9958,customer9958@example.com,9132294264,180 Sample Street,Mumbai,Singapore,712363,2025-01-28,Phone
2534,customer2534@example.com,123,861 Sample Street,Hyderabad,India,503564,2024-08-03,Phone
4188,customer4188@example.com,9875094069,638 Sample Street,Hyderabad,India,806826,2023-11-02,Phone
6613,,123,752 Sample Street,Singapore,India,536142,2023-12-20,SMS
10827,,9715419360,415 Sample Street,Mumbai,Singapore,292527,2025-03-11,SMS
5491,customer5491@example.com,9904671313,847 Sample Street,Mumbai,Singapore,710725,2024-04-22,SMS
8402,customer8402@example.com,9133012475,419 Sample Street,Mumbai,India,265493,2024-10-04,SMS
8783,customer8783@example.com,9595026336,665 Sample Street,Mumbai,India,113149,2024-02-03,SMS
10010,customer10010@example.com,9182530857,399 Sample Street,Chennai,Singapore,292206,2025-05-16,Phone
618,customer618@example.com,9511332761,739 Sample Street,Kolkata,India,807609,2023-01-01,Phone
9121,customer9121@example.com,9412731157,567 Sample Street,Singapore,India,625587,2023-10-07,Email
361,customer361@example.com,9838464156,350 Sample Street,Bangalore,Singapore,622222,2024-02-24,SMS
4310,customer4310@example.com,9297248466,885 Sample Street,Hyderabad,India,581615,2025-11-13,SMS
2678,customer2678@example.com,9466305243,991 Sample Street,Delhi,India,598577,2024-02-18,SMS
6376,customer6376@example.com,9646834893,85 Sample Street,Pune,Singapore,182604,2025-05-02,SMS
524,customer524@example.com,9733645559,293 Sample Street,Delhi,Singapore,536060,2025-06-19,Email
10341,customer10341@example.com,9873678423,975 Sample Street,Singapore,India,542762,2024-12-17,SMS
5654,customer5654@example.com,9215640223,286 Sample Street,Mumbai,India,872793,2023-01-01,Email
4098,customer4098@example.com,9405807728,331 Sample Street,Pune,Singapore,306604,2023-01-01,Phone
5824,customer5824@example.com,9729424835,259 Sample Street,Delhi,Singapore,581522,2025-09-28,Email
7000,customer7000@example.com,9477277299,914 Sample Street,Bangalore,India,641689,2025-10-12,Email
2561,customer2561@example.com,9865670722,486 Sample Street,Mumbai,Singapore,124067,2023-08-18,SMS
5229,customer5229@example.com,9398720003,142 Sample Street,Singapore,India,277587,2025-12-06,SMS
4086,customer4086@example.com,9277589075,449 Sample Street,Mumbai,India,635539,2025-12-12,SMS
2428,customer2428@example.com,9678598372,804 Sample Street,Mumbai,India,968329,2024-07-03,Email
8254,customer8254@example.com,9585048452,72 Sample Street,Bangalore,India,146057,2023-08-11,Phone
2836,customer2836@example.com,9334987648,329 Sample Street,Pune,Singapore,649633,2025-06-20,SMS
8418,customer8418@example.com,9704711798,631 Sample Street,Bangalore,Singapore,904855,2025-07-25,Phone
1362,,9312289312,451 Sample Street,Mumbai,Singapore,185997,2025-07-19,Phone
7152,customer7152@example.com,9753509704,674 Sample Street,Kolkata,India,261919,2023-11-27,Phone
10033,customer10033@example.com,9584312577,405 Sample Street,Chennai,Singapore,306068,2023-12-02,SMS
9349,customer9349@example.com,9265035525,732 Sample Street,Pune,India,139913,2023-01-01,Phone
274,customer274@example.com,9881383792,787 Sample Street,Delhi,Singapore,976280,2024-07-23,Phone
3388,customer3388@example.com,9970912127,731 Sample Street,Bangalore,Singapore,930010,2023-10-29,SMS
922,customer922@example.com,9569950209,204 Sample Street,Hyderabad,India,974024,2025-10-25,Phone
8588,customer8588@example.com,9388242910,956 Sample Street,Delhi,India,578921,2025-02-14,Phone
2518,customer2518@example.com,9772661821,572 Sample Street,Kolkata,India,351762,2024-07-24,Phone
574,customer574@example.com,9742476509,945 Sample Street,Chennai,India,XX999,2023-08-08,SMS
3220,customer3220@example.com,9977653080,692 Sample Street,Mumbai,Singapore,909634,2024-04-11,SMS
5967,customer5967@example.com,9443043971,360 Sample Street,Mumbai,India,383392,2023-01-01,Email
1183,customer1183@example.com,9324443723,129 Sample Street,Bangalore,India,242049,2025-10-23,SMS
6856,customer6856@example.com,9025551159,837 Sample Street,Mumbai,Singapore,535869,2024-03-10,Email
4530,customer4530@example.com,9647954363,917 Sample Street,Singapore,India,739232,2024-11-29,SMS
1553,customer1553@example.com,9022115054,118 Sample Street,Bangalore,Singapore,494692,2023-11-19,SMS
4682,customer4682@example.com,9025063298,97 Sample Street,Chennai,India,894599,2023-01-01,SMS
8204,customer8204@example.com,9497567555,117 Sample Street,Delhi,India,100615,2024-06-24,Phone
5221,customer5221@example.com,9163042364,942 Sample Street,Bangalore,India,123758,2024-06-17,Email
1232,customer1232@example.com,9059560389,726 Sample Street,Kolkata,Singapore,378833,2024-06-17,Phone
1927,customer1927@example.com,9539625322,206 Sample Street,Pune,Singapore,979377,2025-07-31,SMS
5788,customer5788@example.com,9290283270,757 Sample Street,Bangalore,Singapore,305696,2023-10-04,SMS
6652,customer6652@example.com,9106025560,503 Sample Street,Delhi,India,988465,2024-06-08,Email
6246,customer6246@example.com,9749277374,989 Sample Street,Delhi,Singapore,177332,2023-07-18,SMS
5975,customer5975@example.com,9688009403,76 Sample Street,Kolkata,India,415792,2024-03-18,Email
6875,customer6875@example.com,9113718810,826 Sample Street,Bangalore,India,166686,2023-01-01,Email
4399,customer4399@example.com,9817200916,412 Sample Street,Mumbai,India,XX999,2024-04-18,Phone
4042,customer4042@example.com,9131023944,527 Sample Street,Bangalore,Singapore,500077,2025-06-14,SMS
2157,customer2157@example.com,9786487989,320 Sample Street,Bangalore,India,256359,2025-07-06,Phone
10133,customer10133@example.com,9889989225,646 Sample Street,Kolkata,India,587310,2025-05-26,Email
2525,customer2525@example.com,9544163273,47 Sample Street,Singapore,India,767482,2023-10-05,Email
8233,customer8233@example.com,9708615745,428 Sample Street,Chennai,India,981065,2024-12-17,SMS
9483,customer9483@example.com,9588858241,636 Sample Street,Delhi,India,574092,2024-05-23,SMS
2945,customer2945@example.com,9735540697,689 Sample Street,Hyderabad,India,410569,2024-11-21,SMS
10403,customer10403@example.com,9358474131,119 Sample Street,Mumbai,India,209398,2024-05-06,Phone
5074,customer5074@example.com,9260085455,577 Sample Street,Bangalore,India,490932,2023-12-03,Phone
10524,customer10524@example.com,9320123657,382 Sample Street,Pune,India,152494,2024-11-21,Phone
4690,customer4690@example.com,9318832952,33 Sample Street,Singapore,Singapore,994387,2023-01-01,Phone
7521,,9127933986,720 Sample Street,Delhi,Singapore,457105,2024-06-02,Email
7196,customer7196@example.com,9339799528,746 Sample Street,Chennai,Singapore,401743,2024-12-06,Email
4406,customer4406@example.com,9842348826,816 Sample Street,Delhi,Singapore,157429,2023-01-01,Phone
9672,customer9672@example.com,9349163151,64 Sample Street,Mumbai,Singapore,704025,2023-08-31,Phone
4864,,9069405608,863 Sample Street,Pune,Singapore,697446,2025-01-12,Phone
4706,customer4706@example.com,9431036387,232 Sample Street,Kolkata,India,833771,2024-10-12,Email
4070,customer4070@example.com,9081594972,950 Sample Street,Delhi,India,899125,2025-12-07,Email
25,customer25@example.com,9263485937,896 Sample Street,Bangalore,Singapore,368520,2024-09-15,Email
3697,customer3697@example.com,9415740780,856 Sample Street,Delhi,Singapore,538201,2024-10-15,SMS
217,customer217@example.com,9131192736,716 Sample Street,Singapore,Singapore,602009,2023-01-01,Email
4220,customer4220@example.com,9921550632,173 Sample Street,Delhi,India,478044,2023-10-01,Email
5286,customer5286@example.com,9187723113,950 Sample Street,Hyderabad,Singapore,570452,2025-06-09,SMS
9559,customer9559@example.com,9090522600,526 Sample Street,Chennai,Singapore,235673,2024-03-30,Email
2849,,9709383976,611 Sample Street,Kolkata,India,413142,2023-09-24,Phone
7787,customer7787@example.com,9692180631,719 Sample Street,Delhi,Singapore,752433,2023-01-01,Phone
3102,customer3102@example.com,9664971140,758 Sample Street,Delhi,Singapore,858339,2024-10-05,SMS
5868,customer5868@example.com,9627605631,512 Sample Street,Chennai,Singapore,599961,2023-07-28,SMS
8370,customer8370@example.com,9607234059,822 Sample Street,Pune,India,365713,2025-05-28,SMS
9988,customer9988@example.com,9957533857,872 Sample Street,Mumbai,Singapore,239270,2024-06-18,Phone
2939,customer2939@example.com,9904991916,715 Sample Street,Hyderabad,Singapore,765228,2025-09-09,Email
5529,customer5529@example.com,9787542264,44 Sample Street,Singapore,Singapore,387437,2024-07-01,SMS
9743,customer9743@example.com,9580794550,771 Sample Street,Hyderabad,Singapore,344955,2025-11-25,SMS
5763,customer5763@example.com,9855083102,707 Sample Street,Mumbai,Singapore,575428,2024-01-12,Phone
3478,customer3478@example.com,9603506962,52 Sample Street,Singapore,Singapore,240661,2024-03-03,Email
7494,customer7494@example.com,9639888951,162 Sample Street,Kolkata,Singapore,279194,2024-02-10,SMS
1763,customer1763@example.com,9825104799,754 Sample Street,Singapore,India,186728,2025-07-30,SMS
7250,customer7250@example.com,9720372916,596 Sample Street,Hyderabad,India,121637,2025-02-27,Email
2005,customer2005@example.com,9191891770,145 Sample Street,Hyderabad,Singapore,234556,2023-12-24,Phone
10770,customer10770@example.com,9108201746,950 Sample Street,Hyderabad,India,520476,2025-09-12,SMS
6885,customer6885@example.com,9056377615,822 Sample Street,Mumbai,India,621291,2024-07-24,Email
2072,customer2072@example.com,9651738722,200 Sample Street,Chennai,India,591745,2025-07-01,Email
9463,customer9463@example.com,9352229178,815 Sample Street,Mumbai,India,744158,2024-12-11,SMS
6318,customer6318@example.com,9691354893,901 Sample Street,Hyderabad,India,644403,2025-10-16,Email
4093,,9772051127,771 Sample Street,Singapore,Singapore,970783,2024-12-23,SMS
5751,customer5751@example.com,9998706679,533 Sample Street,Mumbai,Singapore,250025,2023-09-30,Phone
3340,customer3340@example.com,9875505331,221 Sample Street,Bangalore,India,176970,2025-02-18,Phone
3594,customer3594@example.com,9344430972,898 Sample Street,Pune,Singapore,699176,2025-04-30,Email
3584,customer3584@example.com,9818988993,810 Sample Street,Hyderabad,India,265154,2024-11-06,Phone
3643,customer3643@example.com,9282175762,488 Sample Street,Hyderabad,India,492297,2024-11-27,SMS
851,customer851@example.com,123,230 Sample Street,Chennai,India,813895,2023-10-16,Email
7706,customer7706@example.com,9879722103,850 Sample Street,Hyderabad,India,383805,2025-10-28,Email
3967,customer3967@example.com,9430834617,843 Sample Street,Pune,India,504593,2023-08-17,Phone
10128,customer10128@example.com,9113375976,733 Sample Street,Chennai,India,513113,2024-07-03,SMS
486,customer486@example.com,9181079806,706 Sample Street,Hyderabad,Singapore,656229,2025-01-18,SMS
9,customer9@example.com,9401199503,444 Sample Street,Mumbai,Singapore,557199,2024-11-02,Phone
9451,customer9451@example.com,9411665028,842 Sample Street,Delhi,Singapore,741424,2025-11-13,Email
9264,customer9264@example.com,9768933609,505 Sample Street,Hyderabad,India,609742,2025-01-30,SMS
3865,customer3865@example.com,9652049340,769 Sample Street,Singapore,Singapore,122836,2023-01-01,Phone
2853,customer2853@example.com,9418449824,687 Sample Street,Singapore,Singapore,554412,2024-01-17,Email
1490,customer1490@example.com,9413149198,650 Sample Street,Kolkata,India,189831,2023-01-01,Email
6310,customer6310@example.com,9744507158,685 Sample Street,Mumbai,India,176497,2025-03-10,Email
10380,customer10380@example.com,9485776419,410 Sample Street,Pune,Singapore,797268,2025-11-19,SMS
3887,customer3887@example.com,9661656730,424 Sample Street,Singapore,India,514599,2023-12-09,Phone
4278,customer4278@example.com,9242470113,729 Sample Street,Chennai,Singapore,401729,2024-05-08,Email
8643,customer8643@example.com,9869704831,518 Sample Street,Kolkata,India,289506,2023-01-01,Email
1998,customer1998@example.com,9721520252,329 Sample Street,Bangalore,India,693990,2023-08-08,Email
10795,customer10795@example.com,9418468380,204 Sample Street,Singapore,Singapore,388389,2024-05-18,SMS
11110,customer11110@example.com,9742176873,160 Sample Street,Delhi,Singapore,813409,2024-04-20,Phone
2408,customer2408@example.com,9115651323,917 Sample Street,Bangalore,Singapore,396854,2023-12-30,Email
202,customer202@example.com,9817289329,614 Sample Street,Mumbai,India,298831,2024-07-29,Phone
7998,customer7998@example.com,9863293228,740 Sample Street,Pune,India,326392,2024-05-08,Phone
830,customer830@example.com,9946401456,818 Sample Street,Bangalore,Singapore,239769,2025-09-03,SMS
3536,customer3536@example.com,9511208934,48 Sample Street,Mumbai,Singapore,986358,2023-07-20,SMS
6050,customer6050@example.com,9221740105,873 Sample Street,Chennai,India,810938,2025-02-25,Phone
125,customer125@example.com,9427938454,666 Sample Street,Chennai,Singapore,172043,2023-09-12,SMS
3463,customer3463@example.com,9660167359,272 Sample Street,Bangalore,India,979094,2023-10-30,Phone
2804,customer2804@example.com,9267215371,980 Sample Street,Singapore,India,572913,2025-10-16,Email
3745,customer3745@example.com,9110318865,172 Sample Street,Hyderabad,Singapore,350690,2023-01-01,SMS
9771,customer9771@example.com,9608355239,563 Sample Street,Mumbai,India,158204,2025-03-14,Phone
451,customer451@example.com,9077850204,387 Sample Street,Mumbai,India,197661,2024-10-09,SMS
10530,customer10530@example.com,9287214037,689 Sample Street,Chennai,India,792244,2025-02-20,Phone
1079,customer1079@example.com,9356809359,839 Sample Street,Kolkata,Singapore,737574,2023-09-25,Phone
8920,customer8920@example.com,9977775825,533 Sample Street,Kolkata,India,264702,2024-10-27,SMS
6678,customer6678@example.com,9733994531,60 Sample Street,Singapore,India,365467,2024-10-13,Email
3852,customer3852@example.com,9121074908,984 Sample Street,Chennai,Singapore,637443,2025-12-04,Phone
528,customer528@example.com,9966053999,187 Sample Street,Bangalore,Singapore,867915,2024-09-07,Phone
73,customer73@example.com,9968474668,771 Sample Street,Hyderabad,India,257517,2024-08-22,SMS
5589,customer5589@example.com,9599829101,659 Sample Street,Singapore,India,395206,2025-04-08,Email
10212,customer10212@example.com,9416977798,769 Sample Street,Chennai,Singapore,146235,2024-04-17,Phone
6365,customer6365@example.com,9915044340,907 Sample Street,Pune,Singapore,688330,2024-10-05,SMS
5636,customer5636@example.com,9671658738,321 Sample Street,Delhi,India,364250,2025-01-09,Phone
591,customer591@example.com,9731190453,100 Sample Street,Pune,Singapore,835956,2023-10-11,SMS
2217,customer2217@example.com,9487822095,708 Sample Street,Chennai,Singapore,284522,2025-11-16,SMS
2544,customer2544@example.com,9711640669,166 Sample Street,Bangalore,India,695635,2023-01-01,SMS
7725,customer7725@example.com,9711125019,95 Sample Street,Bangalore,Singapore,122449,2023-11-28,SMS
8091,customer8091@example.com,9029606481,657 Sample Street,Bangalore,India,378263,2023-08-12,Email
7321,customer7321@example.com,9547746031,746 Sample Street,Bangalore,Singapore,726946,2024-03-21,Email
5462,customer5462@example.com,9010732012,483 Sample Street,Pune,Singapore,573061,2025-05-13,Email
7791,customer7791@example.com,9751160068,997 Sample Street,Mumbai,Singapore,302138,2023-07-20,SMS
955,customer955@example.com,9409838161,252 Sample Street,Kolkata,Singapore,469651,2024-12-24,SMS
4037,customer4037@example.com,9111248589,799 Sample Street,Singapore,India,912365,2024-06-16,Phone
6642,customer6642@example.com,9597212859,284 Sample Street,Pune,India,969891,2024-03-23,SMS
2793,customer2793@example.com,9213834712,118 Sample Street,Chennai,India,880699,2023-01-01,Email
5424,customer5424@example.com,9068000968,416 Sample Street,Chennai,India,844402,2024-05-12,Email
879,customer879@example.com,123,58 Sample Street,Delhi,Singapore,158791,2024-09-20,SMS
9530,customer9530@example.com,9286469846,507 Sample Street,Hyderabad,India,689352,2023-08-21,SMS
4828,customer4828@example.com,9307213247,10 Sample Street,Singapore,India,260887,2024-04-07,Phone
10699,customer10699@example.com,9674995705,38 Sample Street,Delhi,India,857758,2023-01-01,Email
1497,customer1497@example.com,9430975225,668 Sample Street,Kolkata,India,580263,2025-12-28,SMS
7476,customer7476@example.com,9950589390,958 Sample Street,Singapore,Singapore,892922,2025-12-08,SMS
4390,customer4390@example.com,9310269181,709 Sample Street,Bangalore,India,814967,2024-11-15,SMS
10478,customer10478@example.com,9972182712,65 Sample Street,Mumbai,India,544605,2024-05-09,Phone
1081,customer1081@example.com,9563028453,401 Sample Street,Chennai,Singapore,813341,2025-06-03,SMS
4261,customer4261@example.com,9451019544,620 Sample Street,Chennai,Singapore,213947,2024-03-02,Phone
9916,customer9916@example.com,9596861586,866 Sample Street,Kolkata,India,592402,2023-01-01,Phone
5350,customer5350@example.com,9838141041,590 Sample Street,Delhi,India,946476,2023-10-25,Phone
8135,customer8135@example.com,9671630204,127 Sample Street,Bangalore,India,391548,2024-01-21,SMS
8685,customer8685@example.com,9082484897,279 Sample Street,Pune,India,656490,2025-11-30,Phone
4967,customer4967@example.com,9389730932,774 Sample Street,Chennai,India,209658,2024-01-24,Email
2130,customer2130@example.com,9412513182,922 Sample Street,Delhi,Singapore,491401,2024-01-07,Email
9298,customer9298@example.com,9092747168,135 Sample Street,Chennai,Singapore,375538,2023-01-01,SMS
8175,customer8175@example.com,9702452342,192 Sample Street,Hyderabad,India,541923,2023-12-10,Email
6257,customer6257@example.com,9989759216,296 Sample Street,Delhi,Singapore,667161,2025-09-27,Phone
3790,customer3790@example.com,9568214905,297 Sample Street,Singapore,Singapore,496713,2024-03-24,Phone
9952,customer9952@example.com,9667915442,755 Sample Street,Kolkata,Singapore,433477,2024-06-08,SMS
3503,customer3503@example.com,9960209248,851 Sample Street,Pune,India,530909,2024-02-04,Phone
5223,customer5223@example.com,9805849140,665 Sample Street,Chennai,Singapore,715929,2024-03-08,Phone
4608,customer4608@example.com,9582353064,446 Sample Street,Mumbai,Singapore,915982,2023-01-01,Email
1626,customer1626@example.com,9847006544,126 Sample Street,Bangalore,India,128688,2023-10-01,Phone
4764,customer4764@example.com,9165912367,685 Sample Street,Mumbai,India,805722,2024-08-22,SMS
2471,customer2471@example.com,9786057414,472 Sample Street,Pune,India,506321,2024-01-12,Phone
5892,customer5892@example.com,9338232137,577 Sample Street,Pune,India,471735,2024-01-10,Phone
2612,customer2612@example.com,9995300470,50 Sample Street,Singapore,India,521990,2024-12-30,Email
4971,customer4971@example.com,9727081139,643 Sample Street,Pune,Singapore,603747,2024-12-08,SMS
5185,customer5185@example.com,9641292443,280 Sample Street,Delhi,India,285525,2025-07-20,Phone
10069,customer10069@example.com,9052595102,549 Sample Street,Pune,India,546894,2024-08-25,SMS
2262,customer2262@example.com,9363769804,749 Sample Street,Kolkata,Singapore,969251,2024-11-22,Phone
1131,,9050071955,920 Sample Street,Chennai,India,955267,2024-09-06,SMS
1041,customer1041@example.com,9531594852,427 Sample Street,Delhi,Singapore,698964,2024-03-18,SMS
24,customer24@example.com,9978728279,73 Sample Street,Pune,India,464758,2023-07-17,SMS
3409,customer3409@example.com,9982219203,184 Sample Street,Hyderabad,Singapore,914356,2024-02-28,Email
7022,customer7022@example.com,9201012089,293 Sample Street,Delhi,India,198991,2023-07-29,Email
7943,customer7943@example.com,9476365289,527 Sample Street,Pune,India,XX999,2025-10-17,SMS
5272,customer5272@example.com,9847686337,230 Sample Street,Chennai,India,492568,2025-03-22,SMS
5453,customer5453@example.com,9966327633,561 Sample Street,Hyderabad,India,696575,2024-06-10,Phone
2565,customer2565@example.com,9609932203,462 Sample Street,Pune,India,608653,2025-07-13,Phone
800,customer800@example.com,9705691328,823 Sample Street,Delhi,Singapore,499185,2023-08-11,Email
11092,customer11092@example.com,9582522387,465 Sample Street,Delhi,Singapore,378588,2024-08-12,SMS
5062,customer5062@example.com,9062682219,113 Sample Street,Chennai,Singapore,168008,2025-05-17,Email
8969,customer8969@example.com,9748415829,512 Sample Street,Delhi,India,277059,2025-04-11,Email
4656,customer4656@example.com,9756635827,711 Sample Street,Mumbai,Singapore,983513,2024-05-23,Phone
4480,customer4480@example.com,9269892987,716 Sample Street,Singapore,Singapore,663566,2023-09-11,Phone
9971,customer9971@example.com,9359178676,240 Sample Street,Mumbai,Singapore,239402,2025-09-02,Phone
6729,customer6729@example.com,9302662098,124 Sample Street,Delhi,Singapore,847916,2024-12-17,SMS
1773,customer1773@example.com,9600367980,964 Sample Street,Hyderabad,India,400146,2023-01-01,Email
9242,customer9242@example.com,9087117068,959 Sample Street,Bangalore,India,992566,2024-02-15,Phone
1764,customer1764@example.com,9669029042,433 Sample Street,Delhi,Singapore,508625,2025-02-22,SMS
6215,customer6215@example.com,9425851177,822 Sample Street,Delhi,Singapore,532329,2024-08-17,Email
10099,customer10099@example.com,9084817632,612 Sample Street,Pune,India,421651,2023-08-28,Phone
5423,customer5423@example.com,9973413620,176 Sample Street,Kolkata,India,466540,2024-03-09,SMS
940,customer940@example.com,9569146802,518 Sample Street,Kolkata,Singapore,188909,2023-01-01,SMS
3011,customer3011@example.com,9503579362,952 Sample Street,Delhi,India,778627,2025-10-06,SMS
3298,customer3298@example.com,9931133165,800 Sample Street,Hyderabad,India,522698,2025-01-28,Phone
8286,customer8286@example.com,9770241492,447 Sample Street,Kolkata,Singapore,402570,2024-10-26,Email
9668,customer9668@example.com,9395822464,96 Sample Street,Kolkata,India,970506,2023-01-01,Phone
5120,customer5120@example.com,9465912348,870 Sample Street,Hyderabad,India,564944,2023-11-07,Email
6097,customer6097@example.com,9676497868,945 Sample Street,Chennai,Singapore,375357,2023-01-01,Email
7019,customer7019@example.com,9257236638,109 Sample Street,Delhi,India,435138,2025-09-16,Phone
7408,customer7408@example.com,9773630001,646 Sample Street,Kolkata,Singapore,967307,2024-04-08,SMS
8041,customer8041@example.com,9417868364,592 Sample Street,Kolkata,India,689812,2025-11-12,Phone
252,customer252@example.com,9894529688,494 Sample Street,Singapore,India,544942,2025-02-03,Phone
9986,customer9986@example.com,9994625771,694 Sample Street,Bangalore,Singapore,149574,2024-01-17,SMS
3276,customer3276@example.com,9628121831,435 Sample Street,Pune,Singapore,604588,2024-09-05,Phone
3859,customer3859@example.com,123,942 Sample Street,Hyderabad,India,288302,2025-12-01,Email
3570,customer3570@example.com,9040564314,905 Sample Street,Delhi,India,907827,2025-01-01,Phone
3783,customer3783@example.com,9157186144,503 Sample Street,Bangalore,India,970556,2024-06-22,Email
10207,customer10207@example.com,9458227959,771 Sample Street,Hyderabad,Singapore,729921,2025-03-07,SMS
10906,customer10906@example.com,9114401136,867 Sample Street,Chennai,India,943882,2025-03-11,SMS
3427,,9480847457,354 Sample Street,Chennai,India,624306,2023-08-27,Email
5209,customer5209@example.com,9844892361,184 Sample Street,Mumbai,Singapore,380980,2023-10-26,Email
10711,,9028470667,531 Sample Street,Chennai,Singapore,516656,2023-01-01,SMS
10785,customer10785@example.com,9805813131,860 Sample Street,Kolkata,India,265600,2023-09-12,Phone
2814,customer2814@example.com,9274345545,489 Sample Street,Kolkata,Singapore,874324,2025-10-17,Phone
6866,customer6866@example.com,9532543460,304 Sample Street,Singapore,Singapore,159789,2024-01-30,Email
1665,customer1665@example.com,9001848465,802 Sample Street,Singapore,Singapore,625007,2024-08-21,Email
6575,customer6575@example.com,9435772301,109 Sample Street,Chennai,India,697768,2024-06-06,Email
3829,customer3829@example.com,9991565787,213 Sample Street,Kolkata,Singapore,973705,2023-01-01,Email
3091,customer3091@example.com,9987112687,601 Sample Street,Mumbai,Singapore,678309,2023-01-01,Email
10141,customer10141@example.com,9355701156,242 Sample Street,Kolkata,Singapore,817940,2025-06-02,Phone
5177,customer5177@example.com,9302985183,651 Sample Street,Hyderabad,India,635916,2025-05-15,Phone
7005,customer7005@example.com,9962731407,158 Sample Street,Pune,India,623111,2025-09-25,SMS
6409,customer6409@example.com,9038806566,248 Sample Street,Singapore,India,692239,2023-01-01,Email
7485,customer7485@example.com,9913397221,417 Sample Street,Delhi,Singapore,984679,2025-06-26,Phone
8079,customer8079@example.com,9887408567,653 Sample Street,Hyderabad,Singapore,403700,2024-02-08,SMS
8395,customer8395@example.com,9661074912,112 Sample Street,Kolkata,Singapore,778101,2024-03-23,Email
10352,,9574469485,960 Sample Street,Chennai,India,800843,2023-10-17,Email
4931,customer4931@example.com,9437980236,454 Sample Street,Mumbai,Singapore,563593,2023-08-06,Phone
13,customer13@example.com,9035211930,239 Sample Street,Kolkata,Singapore,530569,2023-08-04,SMS
1834,customer1834@example.com,9913306699,874 Sample Street,Singapore,Singapore,790944,2025-10-19,Phone
2285,customer2285@example.com,9796653716,691 Sample Street,Mumbai,Singapore,469517,2023-11-07,Phone
2295,customer2295@example.com,9624736617,762 Sample Street,Hyderabad,India,669931,2025-10-20,Phone
1378,customer1378@example.com,9854008309,300 Sample Street,Delhi,Singapore,619362,2024-10-05,SMS
2781,customer2781@example.com,9791701764,191 Sample Street,Mumbai,India,429711,2025-04-27,Phone
1165,customer1165@example.com,9184738961,963 Sample Street,Chennai,Singapore,335101,2024-12-28,Phone
1404,customer1404@example.com,9414818664,136 Sample Street,Singapore,Singapore,263935,2023-01-01,Email
6457,customer6457@example.com,9515108499,132 Sample Street,Bangalore,India,602827,2025-09-01,Phone
2639,customer2639@example.com,9746277287,593 Sample Street,Singapore,Singapore,330119,2024-10-31,Phone
8299,customer8299@example.com,9359846085,219 Sample Street,Mumbai,India,756307,2025-03-30,Email
6437,customer6437@example.com,9426213648,970 Sample Street,Singapore,Singapore,301926,2023-10-29,SMS
6912,customer6912@example.com,9881033122,165 Sample Street,Kolkata,Singapore,824576,2024-04-25,Phone
7327,customer7327@example.com,9772105904,889 Sample Street,Mumbai,Singapore,255194,2025-04-12,Email
5299,customer5299@example.com,9366348669,87 Sample Street,Kolkata,Singapore,641816,2023-01-01,SMS
4127,customer4127@example.com,9520170964,992 Sample Street,Pune,Singapore,584780,2025-10-08,Email
8143,customer8143@example.com,9735261767,784 Sample Street,Pune,Singapore,223441,2023-08-03,SMS
1964,customer1964@example.com,9384503397,376 Sample Street,Mumbai,Singapore,347129,2025-08-05,Phone
3690,customer3690@example.com,9784001146,519 Sample Street,Bangalore,India,709251,2024-09-11,SMS
3433,customer3433@example.com,9921270364,994 Sample Street,Pune,India,951168,2025-02-26,SMS
3389,customer3389@example.com,9428214875,371 Sample Street,Bangalore,Singapore,150357,2024-08-03,SMS
4712,customer4712@example.com,9046802754,861 Sample Street,Hyderabad,India,817833,2024-03-15,SMS
1170,customer1170@example.com,9210626670,21 Sample Street,Delhi,India,488377,2023-12-03,Email
6347,customer6347@example.com,9607233970,120 Sample Street,Kolkata,India,863416,2025-08-02,SMS
4065,,9433879962,692 Sample Street,Chennai,India,637214,2023-01-01,Email
8230,customer8230@example.com,9870291175,396 Sample Street,Delhi,India,143835,2025-11-03,Phone
1215,customer1215@example.com,9530671103,998 Sample Street,Kolkata,India,891709,2023-12-07,SMS
5939,customer5939@example.com,9339661613,143 Sample Street,Delhi,Singapore,502016,2025-02-27,SMS
2156,customer2156@example.com,9038757467,983 Sample Street,Delhi,India,244973,2023-09-19,Phone
7788,customer7788@example.com,9495589152,670 Sample Street,Chennai,India,369457,2025-11-09,Phone
10323,customer10323@example.com,9344232605,20 Sample Street,Singapore,India,318400,2024-05-19,SMS
7947,customer7947@example.com,9449638364,831 Sample Street,Delhi,Singapore,560287,2024-05-15,SMS
1891,customer1891@example.com,9574251772,988 Sample Street,Pune,Singapore,762951,2025-07-17,Phone
2570,customer2570@example.com,9445624094,852 Sample Street,Mumbai,India,311648,2023-12-21,Email
9256,customer9256@example.com,9079194586,86 Sample Street,Kolkata,Singapore,553652,2024-02-08,SMS
295,customer295@example.com,9308476708,897 Sample Street,Chennai,India,251170,2025-01-07,Phone
7397,customer7397@example.com,9005452995,482 Sample Street,Pune,Singapore,540087,2024-08-09,Email
6349,customer6349@example.com,123,965 Sample Street,Mumbai,Singapore,554064,2024-07-06,Email
10790,customer10790@example.com,9223253707,539 Sample Street,Delhi,Singapore,762448,2025-10-19,Email
10398,customer10398@example.com,9060870111,774 Sample Street,Mumbai,India,184403,2024-06-29,Email
2431,customer2431@example.com,9093948423,74 Sample Street,Mumbai,Singapore,937222,2025-05-22,SMS
550,customer550@example.com,9570760821,311 Sample Street,Hyderabad,India,853290,2025-05-20,SMS
1890,customer1890@example.com,9092524861,769 Sample Street,Chennai,Singapore,590899,2024-11-01,Phone
10742,customer10742@example.com,9656324223,264 Sample Street,Bangalore,Singapore,388835,2025-09-17,Email
10356,customer10356@example.com,9261090526,600 Sample Street,Bangalore,India,502628,2024-05-08,Email
4676,customer4676@example.com,9179098000,455 Sample Street,Kolkata,Singapore,704955,2024-05-13,Phone
8852,customer8852@example.com,9469631718,421 Sample Street,Hyderabad,India,587976,2023-11-27,SMS
3565,customer3565@example.com,9877331335,835 Sample Street,Singapore,India,780849,2024-12-31,SMS
5294,customer5294@example.com,9717625594,573 Sample Street,Singapore,Singapore,787703,2023-11-11,Phone
1958,customer1958@example.com,9465682969,387 Sample Street,Mumbai,Singapore,324540,2024-10-09,SMS
7349,customer7349@example.com,9630555102,876 Sample Street,Mumbai,Singapore,895565,2024-05-14,SMS
8799,customer8799@example.com,9549948495,203 Sample Street,Bangalore,India,505187,2025-11-05,Email
1351,customer1351@example.com,9031926607,160 Sample Street,Bangalore,Singapore,349526,2023-08-21,SMS
1045,customer1045@example.com,9717296549,14 Sample Street,Delhi,India,901537,2024-09-07,SMS
7732,customer7732@example.com,9087704519,991 Sample Street,Mumbai,India,941252,2024-05-30,SMS
8070,customer8070@example.com,9890928000,695 Sample Street,Kolkata,India,144764,2025-11-10,Email
477,customer477@example.com,123,562 Sample Street,Delhi,Singapore,349720,2024-09-10,SMS
7832,customer7832@example.com,9337669694,239 Sample Street,Hyderabad,India,535926,2023-10-21,SMS
2202,customer2202@example.com,123,255 Sample Street,Delhi,India,573212,2025-08-09,Phone
7396,customer7396@example.com,9602458827,896 Sample Street,Pune,India,210380,2024-07-03,Phone
4055,customer4055@example.com,9657531638,585 Sample Street,Hyderabad,India,858612,2025-06-21,SMS
10340,customer10340@example.com,9883094793,266 Sample Street,Pune,Singapore,289721,2023-11-06,SMS
10091,,9886973752,375 Sample Street,Bangalore,India,387010,2025-11-20,SMS
7629,customer7629@example.com,9643273792,42 Sample Street,Chennai,India,448492,2025-05-14,Phone
10640,customer10640@example.com,9544215064,500 Sample Street,Kolkata,India,643864,2023-08-28,Email
3498,,9032546041,354 Sample Street,Singapore,India,226170,2024-03-18,SMS
6742,customer6742@example.com,9189234334,394 Sample Street,Singapore,Singapore,948207,2025-10-31,Phone
1172,,9885259325,79 Sample Street,Singapore,India,861994,2025-09-26,Email
569,customer569@example.com,9875013689,149 Sample Street,Bangalore,India,580313,2025-07-24,Email
4686,customer4686@example.com,9090468870,277 Sample Street,Chennai,Singapore,831573,2024-08-04,Email
1381,customer1381@example.com,9029333483,217 Sample Street,Singapore,India,926152,2024-10-06,Phone
2634,customer2634@example.com,9834319110,144 Sample Street,Delhi,Singapore,398402,2025-09-13,Phone
10905,customer10905@example.com,9903032807,75 Sample Street,Pune,Singapore,843192,2024-11-16,Email
1744,customer1744@example.com,9603903210,134 Sample Street,Chennai,India,104486,2025-09-22,Email
1000,customer1000@example.com,9881180406,841 Sample Street,Hyderabad,Singapore,315045,2025-06-22,SMS
3828,customer3828@example.com,9582876795,675 Sample Street,Mumbai,India,989302,2024-10-07,Phone
8605,customer8605@example.com,123,66 Sample Street,Delhi,India,849760,2025-03-10,SMS
10304,customer10304@example.com,9559755066,74 Sample Street,Mumbai,India,115213,2025-02-01,Email
4351,customer4351@example.com,9673807201,495 Sample Street,Hyderabad,Singapore,511973,2023-09-18,Email
10129,customer10129@example.com,9287217480,650 Sample Street,Pune,India,430130,2023-09-20,Phone
2499,customer2499@example.com,9338088505,360 Sample Street,Hyderabad,Singapore,641156,2024-11-23,Email
10092,customer10092@example.com,123,96 Sample Street,Singapore,India,491016,2025-07-13,Email
7500,customer7500@example.com,9256201966,161 Sample Street,Chennai,Singapore,886617,2025-08-12,Phone
5796,customer5796@example.com,9955660947,472 Sample Street,Delhi,India,181234,2025-04-18,SMS
10556,customer10556@example.com,9635891152,497 Sample Street,Bangalore,Singapore,297937,2024-07-09,Email
1064,,9631733100,67 Sample Street,Hyderabad,India,833413,2025-02-03,SMS
48,customer48@example.com,9848702783,174 Sample Street,Mumbai,Singapore,810093,2023-01-01,Phone
7610,customer7610@example.com,9538152931,155 Sample Street,Chennai,India,283455,2024-02-06,Email
263,customer263@example.com,9970950561,457 Sample Street,Delhi,India,935399,2025-01-22,Email
10814,,9933707668,815 Sample Street,Kolkata,Singapore,568492,2025-08-11,SMS
9710,customer9710@example.com,9961006434,266 Sample Street,Hyderabad,India,279577,2023-01-01,Email
9292,customer9292@example.com,9950123581,825 Sample Street,Hyderabad,India,320408,2024-04-11,SMS
10250,customer10250@example.com,9851798717,755 Sample Street,Delhi,Singapore,287522,2024-10-02,Phone
7881,customer7881@example.com,9883674085,403 Sample Street,Bangalore,India,631501,2024-05-06,Phone
5847,customer5847@example.com,9907106857,600 Sample Street,Bangalore,Singapore,312568,2025-11-08,Email
737,customer737@example.com,9880579831,107 Sample Street,Mumbai,India,709288,2023-12-19,Phone
3571,customer3571@example.com,9724120341,575 Sample Street,Pune,Singapore,430126,2025-04-02,Email
7807,customer7807@example.com,9556834153,389 Sample Street,Hyderabad,India,680159,2025-04-14,Phone
3878,customer3878@example.com,9575973620,669 Sample Street,Pune,Singapore,739240,2023-11-17,Phone
5092,customer5092@example.com,9517956020,202 Sample Street,Pune,Singapore,312875,2024-06-26,Phone
2154,customer2154@example.com,9036645146,174 Sample Street,Delhi,India,629848,2024-06-15,SMS
5394,customer5394@example.com,9932865674,3 Sample Street,Kolkata,Singapore,406658,2025-12-20,Phone
3798,customer3798@example.com,9170728198,454 Sample Street,Singapore,Singapore,336192,2023-12-23,Email
3524,customer3524@example.com,9985630417,100 Sample Street,Pune,Singapore,669488,2025-12-23,SMS
5247,customer5247@example.com,9612881280,130 Sample Street,Mumbai,Singapore,432783,2024-07-12,SMS
5883,customer5883@example.com,9192929177,952 Sample Street,Singapore,Singapore,745553,2023-01-01,SMS
2118,customer2118@example.com,9864678158,989 Sample Street,Delhi,India,335077,2023-09-05,Email
8812,customer8812@example.com,9024699289,604 Sample Street,Pune,Singapore,353731,2024-08-19,Phone
6616,customer6616@example.com,9243925738,54 Sample Street,Kolkata,India,427716,2024-01-10,Email
2797,customer2797@example.com,9443529066,448 Sample Street,Pune,Singapore,309691,2024-08-24,SMS
4328,customer4328@example.com,9381026815,211 Sample Street,Bangalore,Singapore,272596,2023-01-01,SMS
9167,customer9167@example.com,9204076184,759 Sample Street,Chennai,India,134307,2023-08-10,SMS
10560,customer10560@example.com,9070257718,688 Sample Street,Delhi,Singapore,353555,2025-10-10,Phone
2631,customer2631@example.com,9109692385,446 Sample Street,Singapore,India,143856,2024-12-05,Email
8312,customer8312@example.com,9847678194,152 Sample Street,Singapore,India,974479,2024-05-17,Email
5534,customer5534@example.com,9556277872,934 Sample Street,Chennai,Singapore,891376,2023-10-23,Phone
5093,customer5093@example.com,9759715678,277 Sample Street,Singapore,Singapore,529498,2023-08-03,Phone
7592,,9170951270,262 Sample Street,Chennai,India,555186,2023-09-01,Email
8895,customer8895@example.com,9274384377,136 Sample Street,Singapore,India,803091,2024-06-08,SMS
8584,customer8584@example.com,123,878 Sample Street,Hyderabad,Singapore,105566,2024-04-23,Phone
2694,customer2694@example.com,9863027399,418 Sample Street,Mumbai,India,283501,2025-04-13,Phone
8910,customer8910@example.com,9698145119,734 Sample Street,Mumbai,Singapore,404995,2025-09-13,Email
7433,customer7433@example.com,9748329708,656 Sample Street,Kolkata,Singapore,829443,2023-01-01,Email
164,,9872282383,779 Sample Street,Bangalore,India,521426,2024-04-04,Phone
10477,customer10477@example.com,9650970355,519 Sample Street,Kolkata,India,847405,2025-12-22,SMS
2681,customer2681@example.com,9443569908,639 Sample Street,Delhi,Singapore,957111,2024-09-18,Phone
5150,customer5150@example.com,9829365119,455 Sample Street,Pune,India,681592,2025-03-25,SMS
5283,customer5283@example.com,9867920671,991 Sample Street,Chennai,Singapore,100184,2024-02-10,SMS
9645,customer9645@example.com,9982712043,285 Sample Street,Chennai,Singapore,180528,2023-09-13,SMS
10678,customer10678@example.com,9855168574,786 Sample Street,Chennai,India,671692,2025-09-13,Email
7261,customer7261@example.com,9300515092,240 Sample Street,Chennai,Singapore,815597,2024-11-10,Email
9648,customer9648@example.com,9755643573,709 Sample Street,Pune,India,984588,2025-05-19,SMS
2870,customer2870@example.com,9393047642,623 Sample Street,Delhi,Singapore,860528,2024-12-17,SMS
8008,customer8008@example.com,9623476829,961 Sample Street,Hyderabad,Singapore,778960,2023-01-01,Phone
1513,customer1513@example.com,9901168731,723 Sample Street,Bangalore,Singapore,206745,2023-10-20,Phone
6173,customer6173@example.com,9872892970,340 Sample Street,Chennai,India,892067,2023-01-01,Phone
1419,customer1419@example.com,9164955597,330 Sample Street,Delhi,Singapore,762671,2024-10-23,SMS
9150,customer9150@example.com,9978302060,635 Sample Street,Delhi,Singapore,572691,2024-03-04,Email
7960,customer7960@example.com,9010462744,125 Sample Street,Chennai,Singapore,908500,2023-01-01,Phone
1250,customer1250@example.com,9117899137,658 Sample Street,Delhi,Singapore,695411,2023-09-29,Phone
9905,customer9905@example.com,9016001363,885 Sample Street,Mumbai,Singapore,738451,2024-02-26,Email
10691,customer10691@example.com,9852566730,646 Sample Street,Pune,Singapore,550583,2025-03-15,SMS
7002,customer7002@example.com,9237548926,153 Sample Street,Singapore,India,720716,2024-05-04,Phone
2952,customer2952@example.com,9399208018,693 Sample Street,Hyderabad,India,242675,2023-01-01,Phone
8439,customer8439@example.com,9812242951,38 Sample Street,Chennai,Singapore,301157,2023-01-01,Email
762,customer762@example.com,123,722 Sample Street,Mumbai,Singapore,899129,2025-02-26,Email
2831,customer2831@example.com,9713189191,606 Sample Street,Singapore,India,332700,2024-11-23,SMS
6977,customer6977@example.com,9460151395,620 Sample Street,Bangalore,Singapore,307382,2024-06-27,Email
6289,customer6289@example.com,9475435550,806 Sample Street,Singapore,India,699952,2025-03-15,Email
4168,customer4168@example.com,9600565452,393 Sample Street,Kolkata,Singapore,830158,2025-01-26,SMS
8397,customer8397@example.com,9199620284,839 Sample Street,Kolkata,India,923426,2023-12-24,Email
9284,customer9284@example.com,9026314415,714 Sample Street,Hyderabad,India,414867,2023-08-24,Phone
6237,customer6237@example.com,9028965088,337 Sample Street,Delhi,Singapore,160941,2023-01-01,Email
3130,customer3130@example.com,9561977582,978 Sample Street,Bangalore,Singapore,250193,2024-12-24,Phone
1619,customer1619@example.com,9652475167,740 Sample Street,Singapore,India,393339,2025-03-04,Phone
1990,customer1990@example.com,9013615161,819 Sample Street,Bangalore,Singapore,880136,2025-01-18,Email
5513,customer5513@example.com,9348672363,850 Sample Street,Mumbai,Singapore,XX999,2024-10-17,Phone
269,customer269@example.com,9581070024,381 Sample Street,Kolkata,India,720056,2023-01-01,Phone
8093,customer8093@example.com,9910079991,61 Sample Street,Bangalore,India,198856,2024-10-18,Phone
10513,customer10513@example.com,9121565221,48 Sample Street,Singapore,India,393633,2024-03-22,SMS
10177,customer10177@example.com,9475849389,187 Sample Street,Pune,India,260749,2024-03-28,SMS
2549,customer2549@example.com,9044415419,47 Sample Street,Singapore,Singapore,549694,2024-10-13,Phone
5782,customer5782@example.com,9759283267,119 Sample Street,Kolkata,Singapore,964192,2025-12-04,Email
10057,customer10057@example.com,9479272396,931 Sample Street,Hyderabad,Singapore,146371,2023-12-12,SMS
10307,customer10307@example.com,9738334068,240 Sample Street,Hyderabad,Singapore,744927,2024-02-02,Email
8566,customer8566@example.com,9805237373,233 Sample Street,Chennai,India,937685,2025-04-20,Phone
2415,customer2415@example.com,123,366 Sample Street,Chennai,India,206330,2025-01-16,Phone
5684,customer5684@example.com,9969702104,96 Sample Street,Delhi,India,843106,2024-06-11,Phone
8334,customer8334@example.com,9759885181,659 Sample Street,Singapore,Singapore,230229,2023-01-01,Phone
9166,customer9166@example.com,9413245697,217 Sample Street,Kolkata,Singapore,313869,2025-10-26,SMS
1440,customer1440@example.com,9369981599,968 Sample Street,Mumbai,Singapore,641055,2023-11-29,SMS
78,customer78@example.com,9447059856,624 Sample Street,Delhi,India,247683,2023-01-01,Phone
5441,customer5441@example.com,9852395583,549 Sample Street,Pune,India,842004,2023-01-01,Email
5302,customer5302@example.com,9179898483,2 Sample Street,Delhi,India,112402,2024-09-08,SMS
4687,customer4687@example.com,9400617538,815 Sample Street,Bangalore,India,771833,2023-10-17,Email
1087,customer1087@example.com,9922388485,456 Sample Street,Chennai,India,114570,2024-05-04,SMS
6859,customer6859@example.com,9796335864,725 Sample Street,Delhi,Singapore,207127,2023-09-17,Email
9860,customer9860@example.com,9008750192,26 Sample Street,Mumbai,India,469915,2023-01-01,SMS
7129,customer7129@example.com,9115630563,70 Sample Street,Pune,Singapore,943976,2025-02-28,SMS
5866,customer5866@example.com,9939429180,5 Sample Street,Hyderabad,Singapore,376772,2025-01-07,Phone
10521,customer10521@example.com,9555302954,170 Sample Street,Hyderabad,Singapore,282992,2024-05-18,Email
7393,customer7393@example.com,9035684778,723 Sample Street,Pune,Singapore,546642,2024-10-02,Email
7849,customer7849@example.com,9630695242,616 Sample Street,Delhi,Singapore,475460,2024-09-15,SMS
332,customer332@example.com,9951782551,378 Sample Street,Singapore,India,293399,2023-01-01,Phone
9847,customer9847@example.com,9772464517,805 Sample Street,Chennai,India,577744,2025-04-27,Phone
531,customer531@example.com,9138571940,644 Sample Street,Delhi,Singapore,800009,2025-11-30,Email
9576,customer9576@example.com,9816213668,300 Sample Street,Bangalore,Singapore,314396,2025-11-28,SMS
6906,customer6906@example.com,9659669486,935 Sample Street,Chennai,Singapore,278751,2025-11-01,Phone
7419,customer7419@example.com,9204749281,883 Sample Street,Kolkata,India,985499,2025-11-27,SMS
3170,customer3170@example.com,9903387165,567 Sample Street,Singapore,India,263754,2023-01-01,Email
8527,customer8527@example.com,9458189034,425 Sample Street,Bangalore,India,479326,2025-10-26,Phone
7872,customer7872@example.com,9147750731,849 Sample Street,Hyderabad,India,433638,2023-01-01,Email
9931,customer9931@example.com,9339010520,332 Sample Street,Singapore,Singapore,609591,2025-01-17,SMS
10595,customer10595@example.com,9396915560,30 Sample Street,Chennai,Singapore,663723,2024-02-13,Email
4609,,9114015230,981 Sample Street,Delhi,Singapore,541939,2023-09-15,Email
5010,customer5010@example.com,9290940484,66 Sample Street,Pune,Singapore,271966,2025-06-06,Email
4427,customer4427@example.com,9984793133,939 Sample Street,Singapore,India,902120,2025-06-14,Phone
11148,customer11148@example.com,9595450457,244 Sample Street,Mumbai,Singapore,275965,2024-03-12,Email
1168,customer1168@example.com,9369535372,744 Sample Street,Hyderabad,Singapore,392940,2025-12-15,Email
9595,customer9595@example.com,9570589910,946 Sample Street,Chennai,Singapore,578564,2023-10-19,Phone
10163,customer10163@example.com,9063858031,150 Sample Street,Pune,Singapore,763582,2024-04-30,Email
2886,customer2886@example.com,9820088418,685 Sample Street,Chennai,India,747899,2025-06-11,Phone
6710,customer6710@example.com,9799565436,596 Sample Street,Hyderabad,Singapore,753257,2025-06-14,Phone
5316,customer5316@example.com,9984753250,130 Sample Street,Mumbai,India,132822,2025-04-06,Phone
9029,customer9029@example.com,9349013793,542 Sample Street,Delhi,Singapore,260066,2024-06-18,SMS
521,customer521@example.com,9427467472,304 Sample Street,Chennai,India,173086,2024-06-23,SMS
1459,customer1459@example.com,9676175923,823 Sample Street,Hyderabad,Singapore,831586,2024-10-26,SMS
10241,customer10241@example.com,9529592533,522 Sample Street,Bangalore,Singapore,554681,2025-11-15,Email
1630,,9133647698,984 Sample Street,Mumbai,India,837886,2023-01-01,SMS
3254,customer3254@example.com,9092487961,223 Sample Street,Chennai,India,478954,2025-09-22,SMS
9064,customer9064@example.com,9344333101,167 Sample Street,Pune,India,679883,2025-09-06,SMS
3678,customer3678@example.com,9312655775,193 Sample Street,Pune,Singapore,731820,2024-06-14,SMS
4227,customer4227@example.com,9743655293,485 Sample Street,Kolkata,India,186184,2023-07-29,Phone
9467,customer9467@example.com,9259029661,595 Sample Street,Delhi,Singapore,276974,2023-12-21,SMS
8486,customer8486@example.com,9569875398,599 Sample Street,Chennai,Singapore,435108,2025-03-02,Email
2186,customer2186@example.com,9868894642,618 Sample Street,Mumbai,Singapore,526375,2024-02-06,Phone
3286,customer3286@example.com,123,939 Sample Street,Mumbai,Singapore,435335,2023-11-04,SMS
8602,customer8602@example.com,9215095868,738 Sample Street,Hyderabad,India,628010,2023-01-01,Email
3722,customer3722@example.com,9486856945,753 Sample Street,Pune,India,398432,2023-01-01,SMS
6715,customer6715@example.com,9386504348,796 Sample Street,Bangalore,Singapore,161711,2024-07-04,SMS
4796,customer4796@example.com,9372284906,375 Sample Street,Bangalore,India,709854,2025-02-10,Phone
9612,customer9612@example.com,9522980696,280 Sample Street,Mumbai,India,287991,2024-09-24,Phone
3766,customer3766@example.com,9832598938,31 Sample Street,Pune,Singapore,560372,2024-06-24,Email
1399,customer1399@example.com,9622275887,81 Sample Street,Pune,India,232645,2023-08-18,Phone
1570,customer1570@example.com,9328109233,54 Sample Street,Singapore,Singapore,380512,2025-12-29,Email
3426,customer3426@example.com,9658645980,571 Sample Street,Pune,India,206680,2024-10-21,SMS
3074,,9340674179,711 Sample Street,Kolkata,India,XX999,2023-07-17,Email
8341,customer8341@example.com,9832291927,683 Sample Street,Delhi,India,103991,2025-11-29,Email
5180,customer5180@example.com,9119650106,614 Sample Street,Kolkata,India,492353,2024-05-02,Phone
6461,customer6461@example.com,9176033613,881 Sample Street,Hyderabad,Singapore,894748,2024-12-15,SMS
7679,customer7679@example.com,9301192755,377 Sample Street,Chennai,India,496439,2025-02-14,SMS
10702,customer10702@example.com,9508338240,438 Sample Street,Singapore,Singapore,838322,2025-05-22,SMS
7505,customer7505@example.com,9959171328,722 Sample Street,Pune,India,255154,2025-06-20,Email
5113,customer5113@example.com,9520531694,438 Sample Street,Delhi,India,967493,2024-10-13,Email
10858,customer10858@example.com,9815835604,52 Sample Street,Pune,India,853132,2023-11-29,SMS
2961,customer2961@example.com,123,203 Sample Street,Delhi,India,238161,2025-05-07,Email
2747,customer2747@example.com,9984552966,744 Sample Street,Mumbai,India,104708,2025-07-24,SMS
3010,customer3010@example.com,9285774056,41 Sample Street,Pune,Singapore,620751,2024-09-23,Phone
5790,customer5790@example.com,9190412132,425 Sample Street,Hyderabad,Singapore,312361,2025-03-24,Phone
6892,customer6892@example.com,9162973382,23 Sample Street,Bangalore,India,420838,2025-08-01,Phone
1743,customer1743@example.com,9158520337,74 Sample Street,Chennai,Singapore,815577,2024-01-29,SMS
3578,customer3578@example.com,9696618510,587 Sample Street,Chennai,Singapore,165088,2023-09-06,Email
8462,customer8462@example.com,9338022715,699 Sample Street,Pune,Singapore,303379,2024-10-14,Email
5558,customer5558@example.com,9954880205,112 Sample Street,Mumbai,India,983371,2024-11-09,SMS
4619,customer4619@example.com,9054717479,52 Sample Street,Singapore,India,659758,2024-03-29,SMS
8780,customer8780@example.com,9935388264,47 Sample Street,Delhi,Singapore,623259,2025-08-18,Phone
10789,customer10789@example.com,123,510 Sample Street,Kolkata,India,927600,2025-07-28,Phone
10779,customer10779@example.com,9020097081,729 Sample Street,Delhi,Singapore,166573,2025-01-08,SMS
5896,customer5896@example.com,9820095685,933 Sample Street,Delhi,Singapore,379709,2024-02-28,SMS
2337,customer2337@example.com,9170796642,487 Sample Street,Singapore,India,761654,2025-01-08,Phone
10951,customer10951@example.com,9122389066,939 Sample Street,Mumbai,Singapore,652275,2024-08-29,Phone
544,customer544@example.com,9024169969,453 Sample Street,Singapore,Singapore,816846,2024-05-24,Phone
17,customer17@example.com,9950337106,550 Sample Street,Kolkata,Singapore,677076,2024-07-11,Email
10680,customer10680@example.com,9711805247,711 Sample Street,Chennai,Singapore,991580,2023-09-11,SMS
3265,customer3265@example.com,9379164529,599 Sample Street,Chennai,Singapore,926998,2024-05-02,Phone
5623,customer5623@example.com,9091792372,934 Sample Street,Bangalore,Singapore,861729,2024-09-06,Phone
5832,customer5832@example.com,9083561789,642 Sample Street,Chennai,India,478324,2024-11-10,Phone
5544,customer5544@example.com,9465316980,883 Sample Street,Mumbai,India,986518,2024-04-18,Email
6417,customer6417@example.com,9846963417,908 Sample Street,Delhi,India,943214,2023-11-11,Email
5831,customer5831@example.com,9012656436,419 Sample Street,Singapore,Singapore,961164,2025-10-20,Email
7101,customer7101@example.com,9617522425,672 Sample Street,Pune,India,459511,2023-08-09,Phone
10176,customer10176@example.com,9862939184,668 Sample Street,Delhi,India,822193,2024-11-18,SMS
2326,customer2326@example.com,9561060231,487 Sample Street,Bangalore,Singapore,693684,2025-05-06,Email
4385,customer4385@example.com,9796316150,62 Sample Street,Chennai,India,261334,2023-01-01,SMS
2929,customer2929@example.com,9339418938,334 Sample Street,Kolkata,Singapore,528546,2024-10-18,Email
10686,customer10686@example.com,9063695337,119 Sample Street,Singapore,India,604803,2024-09-19,SMS
2546,customer2546@example.com,9501355071,181 Sample Street,Singapore,Singapore,702083,2025-12-28,Phone
3283,customer3283@example.com,9497968055,274 Sample Street,Singapore,Singapore,768487,2024-12-08,Phone
3138,customer3138@example.com,9989465453,32 Sample Street,Hyderabad,Singapore,450162,2024-04-21,SMS
4994,customer4994@example.com,9005871878,948 Sample Street,Kolkata,India,572415,2024-09-07,Phone
7966,customer7966@example.com,9089767089,59 Sample Street,Pune,Singapore,395608,2025-05-24,SMS
3112,customer3112@example.com,9853136082,93 Sample Street,Mumbai,India,456979,2023-09-11,SMS
10872,customer10872@example.com,9423408993,861 Sample Street,Delhi,Singapore,208991,2023-09-19,SMS
2181,customer2181@example.com,9048242201,466 Sample Street,Kolkata,Singapore,910872,2024-05-13,Phone
1867,customer1867@example.com,9718291087,109 Sample Street,Chennai,India,709694,2025-10-02,Phone
1518,customer1518@example.com,9362231939,819 Sample Street,Bangalore,Singapore,489911,2023-08-11,Email
5734,customer5734@example.com,9182399227,808 Sample Street,Chennai,India,313756,2023-01-01,Phone
2878,customer2878@example.com,9530375126,843 Sample Street,Delhi,India,XX999,2023-10-21,Phone
1458,customer1458@example.com,9347684035,662 Sample Street,Kolkata,India,839176,2024-02-01,Email
7007,customer7007@example.com,9445525754,387 Sample Street,Mumbai,India,262480,2024-01-08,Email
6200,customer6200@example.com,9555232176,603 Sample Street,Pune,India,230119,2025-01-02,Phone
1403,,9560943921,670 Sample Street,Delhi,India,511037,2024-03-08,Phone
4827,customer4827@example.com,9791522466,155 Sample Street,Delhi,Singapore,577536,2025-07-03,Phone
6250,customer6250@example.com,9655122218,640 Sample Street,Mumbai,India,119941,2023-11-24,SMS
9291,customer9291@example.com,9295365527,569 Sample Street,Mumbai,India,474261,2024-02-13,SMS
2478,customer2478@example.com,9227403649,63 Sample Street,Kolkata,India,127663,2024-12-08,SMS
1139,customer1139@example.com,9931811102,598 Sample Street,Hyderabad,Singapore,847174,2025-08-26,SMS
5138,customer5138@example.com,9440390066,51 Sample Street,Bangalore,Singapore,711830,2025-04-18,Phone
5393,customer5393@example.com,9193926051,648 Sample Street,Hyderabad,Singapore,474116,2024-09-06,Phone
10413,customer10413@example.com,9961470022,525 Sample Street,Bangalore,India,859509,2024-03-10,Phone
5015,customer5015@example.com,9311908692,962 Sample Street,Pune,Singapore,624381,2024-01-10,Email
10868,customer10868@example.com,9642816955,526 Sample Street,Mumbai,India,925535,2023-10-18,Email
10676,customer10676@example.com,9514287910,847 Sample Street,Kolkata,India,721443,2023-01-01,SMS
2495,customer2495@example.com,9916266053,859 Sample Street,Mumbai,India,808599,2024-09-25,Email
7842,customer7842@example.com,9723091668,298 Sample Street,Chennai,India,596392,2025-01-06,Email
9955,customer9955@example.com,9578633536,936 Sample Street,Mumbai,India,987655,2025-05-25,Phone
6663,customer6663@example.com,9719111343,671 Sample Street,Kolkata,Singapore,611972,2025-01-27,Email
2162,customer2162@example.com,9690010992,278 Sample Street,Bangalore,Singapore,866079,2024-09-30,SMS
3434,customer3434@example.com,9505465610,62 Sample Street,Singapore,Singapore,483576,2025-12-15,SMS
7919,customer7919@example.com,9625294177,311 Sample Street,Delhi,India,599845,2024-12-13,SMS
5626,customer5626@example.com,9707179364,656 Sample Street,Chennai,India,691927,2024-04-22,SMS
6428,customer6428@example.com,9540298842,678 Sample Street,Kolkata,Singapore,592356,2023-01-01,Email
8514,customer8514@example.com,9014838205,751 Sample Street,Pune,India,260045,2025-01-08,SMS
10448,customer10448@example.com,9394320594,640 Sample Street,Chennai,India,853455,2025-12-22,SMS
2109,customer2109@example.com,9045940490,923 Sample Street,Pune,Singapore,157858,2025-11-03,SMS
7530,customer7530@example.com,9103149090,955 Sample Street,Singapore,India,314521,2024-12-10,Email
8925,customer8925@example.com,9611045516,598 Sample Street,Chennai,Singapore,318565,2025-05-30,Phone
3009,customer3009@example.com,9916402316,480 Sample Street,Singapore,Singapore,852304,2024-09-29,SMS
6355,customer6355@example.com,9814324501,657 Sample Street,Pune,Singapore,948978,2025-01-07,Phone
3517,customer3517@example.com,9735861127,682 Sample Street,Singapore,Singapore,709342,2025-10-05,Phone
1158,customer1158@example.com,9289749268,620 Sample Street,Hyderabad,India,323378,2024-02-14,SMS
6203,customer6203@example.com,9467319127,225 Sample Street,Hyderabad,India,600269,2024-10-20,Phone
7165,customer7165@example.com,9518412669,913 Sample Street,Hyderabad,Singapore,209657,2024-10-29,SMS
3595,customer3595@example.com,9357227770,120 Sample Street,Delhi,India,103857,2024-03-21,Email
8537,customer8537@example.com,9867136560,24 Sample Street,Bangalore,India,391900,2023-10-02,Phone
4331,customer4331@example.com,9307967904,153 Sample Street,Hyderabad,Singapore,593663,2024-06-16,Phone
6281,customer6281@example.com,9928833764,742 Sample Street,Delhi,Singapore,997774,2023-11-07,Email
4338,customer4338@example.com,9579827214,718 Sample Street,Mumbai,Singapore,992467,2023-01-01,Email
2452,customer2452@example.com,9452035110,841 Sample Street,Kolkata,India,230306,2025-04-19,Email
9507,customer9507@example.com,9350887531,272 Sample Street,Mumbai,Singapore,725799,2023-01-01,SMS
8360,customer8360@example.com,9325016201,954 Sample Street,Hyderabad,India,459225,2023-08-08,SMS
10311,customer10311@example.com,9866977817,248 Sample Street,Hyderabad,Singapore,355516,2025-04-05,Phone
5117,customer5117@example.com,9443411420,345 Sample Street,Hyderabad,India,810193,2025-04-07,Phone
4867,customer4867@example.com,9913169014,863 Sample Street,Pune,Singapore,939089,2025-04-28,Email
9289,customer9289@example.com,9380003876,463 Sample Street,Hyderabad,Singapore,947122,2023-01-01,SMS
10913,customer10913@example.com,9845593040,609 Sample Street,Kolkata,Singapore,826746,2024-12-09,SMS
3032,customer3032@example.com,9461519439,149 Sample Street,Chennai,India,754529,2024-02-22,SMS
8524,customer8524@example.com,9752308947,499 Sample Street,Pune,Singapore,149987,2024-10-23,Email
3334,customer3334@example.com,9782681327,132 Sample Street,Kolkata,India,854056,2024-09-08,Email
4470,customer4470@example.com,9032291991,152 Sample Street,Kolkata,Singapore,919072,2025-05-25,Email
1406,customer1406@example.com,123,967 Sample Street,Chennai,India,843023,2025-08-20,SMS
8619,customer8619@example.com,9850898460,388 Sample Street,Mumbai,Singapore,279675,2024-11-18,Email
10821,customer10821@example.com,9345359628,72 Sample Street,Kolkata,Singapore,687344,2024-06-08,SMS
4552,customer4552@example.com,9119888062,283 Sample Street,Chennai,Singapore,289287,2023-09-20,Phone
898,customer898@example.com,9089025593,816 Sample Street,Singapore,India,564657,2024-12-14,Phone
9797,customer9797@example.com,9959456863,58 Sample Street,Kolkata,India,340655,2024-09-12,Phone
10949,customer10949@example.com,9584461219,138 Sample Street,Pune,India,367053,2024-01-11,Phone
8212,customer8212@example.com,9254411026,411 Sample Street,Delhi,Singapore,754676,2024-01-22,SMS
6248,customer6248@example.com,9851009855,772 Sample Street,Chennai,India,186891,2024-01-31,Email
10164,customer10164@example.com,9192275680,850 Sample Street,Kolkata,Singapore,235886,2024-03-08,SMS
4547,customer4547@example.com,9430883890,287 Sample Street,Singapore,India,455060,2025-02-15,SMS
6815,customer6815@example.com,9342152904,498 Sample Street,Singapore,India,128063,2023-08-07,Phone
4122,customer4122@example.com,123,714 Sample Street,Mumbai,Singapore,158396,2024-08-26,SMS
10841,customer10841@example.com,9535965047,927 Sample Street,Mumbai,India,405383,2025-12-21,Phone
5370,customer5370@example.com,9983956472,104 Sample Street,Delhi,India,620622,2024-12-16,Phone
176,customer176@example.com,9405168293,196 Sample Street,Chennai,Singapore,274115,2025-10-27,SMS
4860,customer4860@example.com,9487918916,165 Sample Street,Mumbai,Singapore,461278,2025-06-27,SMS
10757,customer10757@example.com,123,474 Sample Street,Delhi,India,622126,2023-01-01,Phone
4023,customer4023@example.com,9657753335,865 Sample Street,Delhi,India,703035,2024-02-12,SMS
6679,customer6679@example.com,9508560744,462 Sample Street,Bangalore,India,240229,2025-07-05,Email
9923,customer9923@example.com,9085831239,528 Sample Street,Singapore,India,291735,2025-12-14,Email
7181,customer7181@example.com,9753644829,303 Sample Street,Delhi,Singapore,241043,2023-01-01,Phone
3599,customer3599@example.com,9675821480,817 Sample Street,Hyderabad,India,605465,2023-01-01,Email
405,customer405@example.com,9924357730,605 Sample Street,Kolkata,Singapore,557359,2023-11-28,Email
6870,customer6870@example.com,9654357528,323 Sample Street,Pune,Singapore,393996,2024-02-09,SMS
832,customer832@example.com,9199151907,570 Sample Street,Chennai,Singapore,296591,2024-05-22,Email
2002,customer2002@example.com,9909507424,879 Sample Street,Delhi,India,276031,2024-08-27,Phone
3657,customer3657@example.com,9003880231,215 Sample Street,Kolkata,India,870018,2024-04-17,Phone
500,customer500@example.com,9025306147,347 Sample Street,Bangalore,India,907463,2023-01-01,SMS
1951,customer1951@example.com,9956858111,950 Sample Street,Hyderabad,India,545185,2025-04-18,Phone
3262,customer3262@example.com,9773870703,506 Sample Street,Delhi,India,733542,2025-12-23,Email
4102,customer4102@example.com,9377853169,499 Sample Street,Chennai,India,117882,2023-12-15,Phone
7042,customer7042@example.com,9223142946,681 Sample Street,Pune,Singapore,345377,2024-09-16,Email
10598,customer10598@example.com,9955298342,165 Sample Street,Pune,India,935815,2025-02-08,SMS
255,customer255@example.com,9750959687,315 Sample Street,Chennai,India,649079,2023-01-01,Phone
2375,customer2375@example.com,9610151939,563 Sample Street,Chennai,Singapore,623253,2023-11-30,Phone
9829,customer9829@example.com,9751458594,257 Sample Street,Hyderabad,India,300633,2023-09-18,SMS
6214,customer6214@example.com,9456364537,9 Sample Street,Bangalore,Singapore,146257,2023-10-29,SMS
4954,customer4954@example.com,9377820802,659 Sample Street,Pune,Singapore,166024,2023-10-26,Phone
7861,customer7861@example.com,9061609979,381 Sample Street,Singapore,Singapore,599353,2025-07-24,Email
4837,customer4837@example.com,9272087374,451 Sample Street,Singapore,India,715839,2024-03-16,Email
9423,,9945362606,913 Sample Street,Mumbai,India,621228,2024-01-02,Phone
4198,customer4198@example.com,9011303133,57 Sample Street,Bangalore,India,124520,2024-04-17,Phone
153,customer153@example.com,9463412696,996 Sample Street,Bangalore,Singapore,401984,2025-09-11,Email
9323,customer9323@example.com,9335688949,155 Sample Street,Mumbai,Singapore,536850,2023-01-01,SMS
10001,customer10001@example.com,9506246680,35 Sample Street,Bangalore,Singapore,170904,2025-11-13,SMS
3945,customer3945@example.com,9771726835,665 Sample Street,Mumbai,Singapore,651834,2025-03-20,SMS
3799,customer3799@example.com,9402829134,471 Sample Street,Delhi,India,916566,2025-03-27,SMS
8625,customer8625@example.com,9717742860,392 Sample Street,Delhi,Singapore,400201,2025-10-17,SMS
3491,customer3491@example.com,9458972430,229 Sample Street,Delhi,India,761753,2024-12-07,Phone
983,customer983@example.com,9035871294,651 Sample Street,Kolkata,Singapore,273403,2024-11-05,SMS
9119,,9495537818,875 Sample Street,Kolkata,India,138459,2025-12-11,Phone
4786,customer4786@example.com,9637970792,384 Sample Street,Pune,India,368260,2025-06-26,Email
5872,customer5872@example.com,9975333564,10 Sample Street,Mumbai,India,842941,2023-11-02,Email
6568,customer6568@example.com,9673752769,965 Sample Street,Hyderabad,India,941411,2024-10-26,Phone
5628,customer5628@example.com,9921774430,193 Sample Street,Singapore,India,753077,2023-01-01,Phone
5631,customer5631@example.com,9332827130,811 Sample Street,Delhi,India,415044,2024-10-09,Email
4974,customer4974@example.com,9001485327,451 Sample Street,Kolkata,Singapore,244499,2025-12-20,SMS
8416,customer8416@example.com,9444773804,821 Sample Street,Hyderabad,Singapore,776196,2024-11-20,SMS
5454,customer5454@example.com,9828721313,901 Sample Street,Kolkata,Singapore,200497,2024-12-18,Email
4095,customer4095@example.com,9702690121,706 Sample Street,Hyderabad,Singapore,782747,2023-10-30,SMS
5474,customer5474@example.com,9565587754,169 Sample Street,Mumbai,India,636299,2023-11-08,SMS
4268,customer4268@example.com,9656386134,274 Sample Street,Chennai,Singapore,954633,2025-05-15,Email
10701,,9020476817,616 Sample Street,Mumbai,Singapore,797757,2025-03-14,SMS
3507,customer3507@example.com,9217534488,56 Sample Street,Chennai,India,308343,2025-12-17,Email
2079,customer2079@example.com,9127467547,657 Sample Street,Kolkata,Singapore,204319,2025-03-03,SMS
626,customer626@example.com,9029554641,580 Sample Street,Singapore,Singapore,995072,2024-02-23,SMS
4426,customer4426@example.com,9333273780,367 Sample Street,Hyderabad,India,139459,2025-04-29,Email
2591,customer2591@example.com,9559386501,524 Sample Street,Pune,India,773589,2025-05-28,SMS
10509,customer10509@example.com,9040264900,768 Sample Street,Singapore,India,166798,2025-09-20,Phone
6382,customer6382@example.com,9862529332,506 Sample Street,Hyderabad,India,941189,2025-09-23,SMS
6673,customer6673@example.com,9882823048,767 Sample Street,Mumbai,Singapore,418513,2023-08-18,Email
7441,customer7441@example.com,9917828556,508 Sample Street,Hyderabad,India,165364,2023-08-16,Email
1071,customer1071@example.com,9028447168,631 Sample Street,Pune,India,701252,2024-06-05,SMS
10061,customer10061@example.com,9536032301,380 Sample Street,Chennai,India,783450,2025-01-18,Email
7187,customer7187@example.com,9865101612,264 Sample Street,Mumbai,India,572374,2025-06-12,SMS
8775,customer8775@example.com,9836016159,908 Sample Street,Pune,Singapore,977727,2023-11-17,Phone
1612,customer1612@example.com,9496078457,788 Sample Street,Chennai,Singapore,207809,2023-08-07,Email
2345,customer2345@example.com,9971454552,747 Sample Street,Singapore,India,876106,2023-11-10,SMS
322,customer322@example.com,9282216993,257 Sample Street,Bangalore,India,283557,2024-02-09,SMS
10897,customer10897@example.com,9150232530,261 Sample Street,Hyderabad,Singapore,120180,2023-09-30,SMS
123,customer123@example.com,9774796067,659 Sample Street,Pune,India,180808,2024-11-10,Email
6103,customer6103@example.com,9532598199,794 Sample Street,Kolkata,Singapore,512548,2025-06-02,Email
7899,customer7899@example.com,9361610417,988 Sample Street,Singapore,Singapore,250651,2024-08-16,Email
10500,customer10500@example.com,9038495240,472 Sample Street,Bangalore,India,349486,2023-09-17,Phone
1655,,9133884205,504 Sample Street,Mumbai,India,234288,2024-07-12,Phone
2406,customer2406@example.com,9066121577,848 Sample Street,Kolkata,Singapore,392254,2024-02-13,Email
2712,customer2712@example.com,9878852079,83 Sample Street,Pune,Singapore,141132,2024-02-17,Phone
5517,customer5517@example.com,9952528074,31 Sample Street,Singapore,India,683667,2024-07-22,Email
10643,customer10643@example.com,9884898670,612 Sample Street,Bangalore,India,166473,2023-10-10,SMS
2254,customer2254@example.com,9382990463,505 Sample Street,Delhi,Singapore,559173,2025-07-04,Email
10281,customer10281@example.com,9299495324,375 Sample Street,Singapore,Singapore,271066,2025-11-09,Phone
6958,customer6958@example.com,123,426 Sample Street,Singapore,India,266241,2023-12-14,SMS
954,customer954@example.com,9752027323,123 Sample Street,Singapore,Singapore,583439,2025-08-25,SMS
5079,,9383000455,160 Sample Street,Delhi,Singapore,701381,2023-12-03,Email
10339,customer10339@example.com,9095772493,732 Sample Street,Singapore,India,228840,2025-03-31,Email
4643,customer4643@example.com,9116304168,285 Sample Street,Kolkata,Singapore,704288,2023-07-25,SMS
3117,,9157681832,23 Sample Street,Mumbai,Singapore,671572,2025-11-18,Email
6497,customer6497@example.com,9415534675,277 Sample Street,Kolkata,Singapore,453435,2024-12-11,Email
5396,customer5396@example.com,9672419933,92 Sample Street,Bangalore,India,169468,2024-10-03,Phone
5250,customer5250@example.com,9244183881,73 Sample Street,Hyderabad,India,195368,2023-09-05,Email
1052,customer1052@example.com,9583168530,356 Sample Street,Delhi,India,628082,2024-08-01,Email
2802,customer2802@example.com,9942114774,301 Sample Street,Singapore,Singapore,985023,2023-11-08,Phone
6343,,9365964171,796 Sample Street,Mumbai,Singapore,946791,2023-01-01,Phone
6507,customer6507@example.com,9623638600,191 Sample Street,Delhi,India,568691,2023-01-01,Email
7901,customer7901@example.com,9834013395,109 Sample Street,Pune,Singapore,206485,2025-03-24,Phone
4865,customer4865@example.com,9800533082,175 Sample Street,Bangalore,Singapore,468084,2024-04-24,Email
2686,customer2686@example.com,9072095024,468 Sample Street,Mumbai,India,848470,2024-10-21,Email
3107,customer3107@example.com,9277160170,994 Sample Street,Singapore,India,768859,2025-09-11,Email
7734,customer7734@example.com,9465557496,643 Sample Street,Singapore,Singapore,181848,2025-12-23,Email
1146,customer1146@example.com,9252002318,863 Sample Street,Mumbai,India,852746,2025-10-06,Phone
11031,customer11031@example.com,9263438637,866 Sample Street,Kolkata,Singapore,991622,2025-11-20,Email
7428,customer7428@example.com,9075488288,530 Sample Street,Delhi,India,206276,2024-02-19,SMS
975,customer975@example.com,9106343517,52 Sample Street,Kolkata,India,219271,2024-07-20,Email
1103,customer1103@example.com,9426278126,469 Sample Street,Delhi,Singapore,835158,2023-01-01,SMS
3422,customer3422@example.com,9304706660,396 Sample Street,Delhi,India,617514,2024-04-15,SMS
1055,customer1055@example.com,9141443695,896 Sample Street,Mumbai,India,151137,2025-05-08,Phone
6544,customer6544@example.com,9368820876,998 Sample Street,Hyderabad,Singapore,348093,2024-11-29,SMS
1241,customer1241@example.com,9968592239,974 Sample Street,Bangalore,Singapore,728126,2025-03-12,Email
2909,customer2909@example.com,123,3 Sample Street,Mumbai,India,742641,2025-04-14,SMS
5802,customer5802@example.com,123,480 Sample Street,Bangalore,India,719074,2025-01-17,SMS
1407,customer1407@example.com,9931180090,798 Sample Street,Bangalore,India,506946,2023-08-04,Email
6183,customer6183@example.com,9248105265,587 Sample Street,Bangalore,Singapore,706143,2024-03-26,Email
340,customer340@example.com,9402262433,701 Sample Street,Kolkata,India,573574,2025-02-15,Email
5991,customer5991@example.com,9672235603,44 Sample Street,Delhi,Singapore,178342,2025-08-27,Email
3104,customer3104@example.com,9100954092,959 Sample Street,Pune,India,152810,2024-01-22,Email
9729,customer9729@example.com,9885202914,696 Sample Street,Hyderabad,India,127428,2024-06-05,Phone
1008,,9024649467,702 Sample Street,Kolkata,Singapore,522727,2025-09-21,Email
11091,customer11091@example.com,9210582488,871 Sample Street,Singapore,Singapore,507741,2024-04-30,Email
3969,customer3969@example.com,9113035564,649 Sample Street,Singapore,India,XX999,2023-08-20,SMS
1916,customer1916@example.com,9333034822,414 Sample Street,Mumbai,Singapore,348553,2025-06-18,Email
9907,customer9907@example.com,9209701253,292 Sample Street,Kolkata,India,485230,2023-01-01,Phone
87,customer87@example.com,9162857015,355 Sample Street,Bangalore,India,690352,2025-10-08,Email
8659,customer8659@example.com,9485400065,894 Sample Street,Mumbai,India,880207,2023-10-09,Email
6262,customer6262@example.com,9377431642,313 Sample Street,Mumbai,Singapore,590600,2025-09-29,SMS
6147,customer6147@example.com,9970213170,404 Sample Street,Hyderabad,Singapore,159092,2024-05-06,Phone
8832,customer8832@example.com,9937181119,712 Sample Street,Bangalore,Singapore,118354,2024-03-23,Phone
10067,customer10067@example.com,9976936755,963 Sample Street,Kolkata,Singapore,584260,2024-08-14,Phone
7532,customer7532@example.com,9144635835,349 Sample Street,Delhi,Singapore,147611,2024-10-02,SMS
4915,customer4915@example.com,9907032368,585 Sample Street,Kolkata,Singapore,997561,2024-10-26,Phone
2115,customer2115@example.com,9908328450,640 Sample Street,Pune,Singapore,652960,2024-02-17,Phone
2088,customer2088@example.com,9697768012,269 Sample Street,Bangalore,India,291644,2024-05-15,Phone
2493,customer2493@example.com,9337760930,928 Sample Street,Bangalore,India,185898,2023-08-24,Email
6292,customer6292@example.com,9422316341,982 Sample Street,Singapore,Singapore,737288,2025-03-04,Phone
1631,customer1631@example.com,9771370727,870 Sample Street,Delhi,Singapore,807254,2023-01-01,Phone
10104,customer10104@example.com,9052382111,294 Sample Street,Kolkata,India,603793,2025-07-15,Email
3006,customer3006@example.com,9666169771,261 Sample Street,Pune,Singapore,867981,2025-07-04,Phone
3919,customer3919@example.com,9859599589,375 Sample Street,Delhi,Singapore,485664,2025-02-02,SMS
11181,customer11181@example.com,9312662108,282 Sample Street,Bangalore,Singapore,598338,2023-01-01,Phone
642,customer642@example.com,9395695055,165 Sample Street,Kolkata,Singapore,590226,2025-10-04,SMS
4369,customer4369@example.com,9296722696,219 Sample Street,Kolkata,India,218792,2023-01-01,Phone
10127,customer10127@example.com,9569061628,669 Sample Street,Singapore,India,354628,2024-08-17,SMS
271,customer271@example.com,9710655123,563 Sample Street,Bangalore,Singapore,235938,2025-05-09,Phone
4973,,9583505283,615 Sample Street,Hyderabad,Singapore,341955,2024-04-23,SMS
2948,customer2948@example.com,9561957513,801 Sample Street,Delhi,Singapore,511022,2024-12-07,Phone
2715,customer2715@example.com,9791947747,254 Sample Street,Singapore,Singapore,346501,2025-02-01,Phone
10432,customer10432@example.com,9434302766,347 Sample Street,Singapore,India,474562,2025-09-28,SMS
9216,,9577235161,699 Sample Street,Hyderabad,India,712772,2025-08-31,SMS
7124,customer7124@example.com,9381666071,239 Sample Street,Mumbai,India,442318,2025-07-21,Phone
9727,customer9727@example.com,9146543770,106 Sample Street,Bangalore,Singapore,905761,2023-01-01,SMS
5136,customer5136@example.com,9029736640,970 Sample Street,Singapore,India,824867,2024-07-16,Email
9790,customer9790@example.com,9417171430,718 Sample Street,Delhi,India,656267,2025-11-21,Phone
1818,customer1818@example.com,9233428393,902 Sample Street,Bangalore,Singapore,418558,2024-11-04,Email
1100,customer1100@example.com,9633494079,797 Sample Street,Kolkata,India,123268,2024-11-25,Email
7873,customer7873@example.com,9236404456,517 Sample Street,Kolkata,Singapore,984956,2023-09-28,Phone
10609,customer10609@example.com,9113060296,411 Sample Street,Kolkata,Singapore,283707,2024-08-28,SMS
6950,customer6950@example.com,9564753015,804 Sample Street,Hyderabad,Singapore,240642,2023-01-01,Phone
7233,customer7233@example.com,9617096902,800 Sample Street,Kolkata,Singapore,304447,2025-09-09,SMS
9481,customer9481@example.com,9919435136,385 Sample Street,Mumbai,India,559980,2025-01-04,SMS
7699,customer7699@example.com,9201894337,300 Sample Street,Pune,Singapore,151538,2025-03-05,Phone
2711,customer2711@example.com,9315835315,396 Sample Street,Hyderabad,India,289219,2025-12-05,SMS
8933,customer8933@example.com,9672141949,31 Sample Street,Bangalore,Singapore,826844,2025-01-09,SMS
8726,customer8726@example.com,9753210114,457 Sample Street,Pune,Singapore,313440,2025-10-26,SMS
1515,customer1515@example.com,9969272714,244 Sample Street,Pune,Singapore,374346,2023-01-01,Email
5186,customer5186@example.com,9498510061,183 Sample Street,Hyderabad,India,213056,2025-09-08,Phone
10157,customer10157@example.com,9934906117,287 Sample Street,Singapore,India,687848,2024-01-07,Phone
5667,customer5667@example.com,9006728332,280 Sample Street,Delhi,Singapore,817608,2025-03-03,SMS
902,customer902@example.com,9103966543,572 Sample Street,Bangalore,Singapore,103532,2023-01-01,Phone
977,customer977@example.com,9769051347,534 Sample Street,Bangalore,Singapore,107386,2023-12-26,SMS
7313,customer7313@example.com,9445072462,526 Sample Street,Kolkata,Singapore,278441,2025-03-21,SMS
7600,customer7600@example.com,9546921323,695 Sample Street,Bangalore,India,319508,2025-06-20,Phone
9706,,9564626257,285 Sample Street,Chennai,India,400478,2024-08-02,Phone
2429,customer2429@example.com,9924875818,586 Sample Street,Singapore,Singapore,386876,2025-04-11,Phone
3520,,9583412031,204 Sample Street,Pune,India,380350,2025-01-31,Phone
10394,customer10394@example.com,9109135666,175 Sample Street,Mumbai,India,679443,2024-08-28,SMS
4548,customer4548@example.com,9420796893,236 Sample Street,Chennai,India,573675,2023-10-04,SMS
9362,customer9362@example.com,9468760959,943 Sample Street,Pune,Singapore,277550,2024-07-30,Email
3968,customer3968@example.com,9608283876,932 Sample Street,Kolkata,Singapore,159317,2025-05-19,Email
4084,customer4084@example.com,9924285247,430 Sample Street,Hyderabad,Singapore,834031,2024-10-19,Phone
6721,customer6721@example.com,9544013560,864 Sample Street,Mumbai,Singapore,898407,2025-11-03,Email
2829,customer2829@example.com,9083658164,397 Sample Street,Chennai,Singapore,824918,2025-08-10,SMS
1772,customer1772@example.com,9980470616,391 Sample Street,Delhi,India,553928,2024-04-12,Email
1544,customer1544@example.com,9366318744,881 Sample Street,Bangalore,Singapore,127386,2024-06-12,Phone
492,,9974959975,842 Sample Street,Hyderabad,Singapore,673933,2023-01-01,Phone
4377,customer4377@example.com,9261609480,200 Sample Street,Pune,India,967528,2025-02-07,Phone
4541,customer4541@example.com,9736065407,378 Sample Street,Singapore,India,688160,2024-01-13,Email
1321,customer1321@example.com,9027764717,444 Sample Street,Mumbai,Singapore,563130,2025-12-31,Email
8858,customer8858@example.com,9943046018,293 Sample Street,Pune,India,555453,2023-12-31,SMS
3266,customer3266@example.com,9616664813,834 Sample Street,Pune,India,802583,2023-07-25,Phone
11187,customer11187@example.com,9084230271,242 Sample Street,Kolkata,India,945864,2025-01-10,Phone
8207,customer8207@example.com,9405756310,64 Sample Street,Delhi,India,823595,2023-07-31,Email
9723,customer9723@example.com,9894102368,392 Sample Street,Chennai,Singapore,361272,2024-03-26,Phone
2666,customer2666@example.com,9977081699,13 Sample Street,Pune,India,760404,2024-04-30,Email
5721,,9002072915,516 Sample Street,Delhi,India,114559,2024-12-17,Phone
10652,customer10652@example.com,9311548340,12 Sample Street,Kolkata,Singapore,511217,2024-06-02,SMS
1646,customer1646@example.com,9443928056,580 Sample Street,Delhi,India,619657,2023-10-22,Email
4418,customer4418@example.com,9780986064,474 Sample Street,Delhi,Singapore,187420,2023-11-29,Email
2656,customer2656@example.com,9687517376,116 Sample Street,Bangalore,Singapore,341575,2025-02-21,Email
7990,customer7990@example.com,9185690294,895 Sample Street,Pune,Singapore,683147,2024-05-13,Phone
8722,customer8722@example.com,9084269799,179 Sample Street,Chennai,India,259270,2025-07-03,Email
7118,customer7118@example.com,9398004298,37 Sample Street,Bangalore,Singapore,933110,2024-04-01,SMS
2980,,123,561 Sample Street,Pune,India,822271,2024-10-17,Email
1839,customer1839@example.com,9821332143,197 Sample Street,Pune,India,380684,2023-08-26,SMS
10722,,9718907417,101 Sample Street,Delhi,India,671097,2024-12-31,Email
2632,customer2632@example.com,9926395970,658 Sample Street,Singapore,India,504781,2025-08-30,Phone
9014,customer9014@example.com,9769817503,990 Sample Street,Delhi,India,758206,2024-02-28,Phone
7620,customer7620@example.com,9685340392,489 Sample Street,Delhi,Singapore,254837,2025-05-08,SMS
10968,customer10968@example.com,9323740473,670 Sample Street,Pune,India,686257,2024-12-17,Phone
11133,customer11133@example.com,9286242937,318 Sample Street,Chennai,Singapore,947746,2024-05-17,SMS
2736,customer2736@example.com,9799669169,523 Sample Street,Kolkata,India,218409,2023-01-01,SMS
1876,,9637752552,555 Sample Street,Mumbai,India,736643,2023-01-01,Email
5959,customer5959@example.com,9101694821,879 Sample Street,Delhi,Singapore,513059,2025-09-26,Phone
1092,customer1092@example.com,9695741301,340 Sample Street,Singapore,India,628197,2024-11-24,SMS
4333,customer4333@example.com,9399189774,435 Sample Street,Bangalore,India,503365,2023-01-01,Phone
3850,customer3850@example.com,9876735417,275 Sample Street,Mumbai,India,779405,2025-06-19,Email
6168,customer6168@example.com,9788416677,672 Sample Street,Bangalore,Singapore,980111,2025-08-06,Phone
607,customer607@example.com,9033272415,927 Sample Street,Bangalore,Singapore,498645,2025-01-23,Email
10469,customer10469@example.com,9704194983,200 Sample Street,Kolkata,Singapore,852951,2024-05-30,SMS
6983,customer6983@example.com,9752749465,649 Sample Street,Hyderabad,Singapore,104902,2025-05-20,Phone
3661,customer3661@example.com,9489107717,325 Sample Street,Pune,Singapore,433857,2025-04-30,SMS
9303,customer9303@example.com,9620313710,395 Sample Street,Pune,India,229613,2024-08-24,Email
692,customer692@example.com,9296556722,10 Sample Street,Hyderabad,India,419292,2024-12-06,Phone
736,customer736@example.com,9694358570,588 Sample Street,Pune,Singapore,772701,2024-09-19,Phone
9589,customer9589@example.com,9125135455,808 Sample Street,Pune,India,220456,2023-10-04,Phone
4838,customer4838@example.com,9555130006,16 Sample Street,Kolkata,Singapore,717104,2025-09-12,Email
9246,customer9246@example.com,9515527363,497 Sample Street,Kolkata,India,185877,2025-03-27,Phone
6261,customer6261@example.com,9876172596,860 Sample Street,Chennai,Singapore,899397,2025-03-16,SMS
7366,customer7366@example.com,9186634513,479 Sample Street,Hyderabad,India,270956,2024-09-21,Email
10659,customer10659@example.com,9366661491,864 Sample Street,Mumbai,Singapore,641716,2023-11-30,Email
1448,customer1448@example.com,123,107 Sample Street,Chennai,India,659070,2024-07-22,SMS
4286,customer4286@example.com,9885624600,53 Sample Street,Pune,Singapore,421096,2025-07-03,SMS
4749,customer4749@example.com,9047716948,883 Sample Street,Hyderabad,Singapore,373132,2025-06-20,Email
4478,customer4478@example.com,9601480324,597 Sample Street,Hyderabad,India,829081,2025-06-22,Phone
4201,customer4201@example.com,9484916567,26 Sample Street,Delhi,India,550470,2025-04-14,SMS
8720,customer8720@example.com,9769687116,687 Sample Street,Delhi,Singapore,664810,2023-10-28,Email
10084,customer10084@example.com,9920820530,656 Sample Street,Hyderabad,India,188499,2023-01-01,SMS
7004,customer7004@example.com,9609851262,637 Sample Street,Kolkata,Singapore,141284,2024-11-09,Phone
9817,customer9817@example.com,9244800843,66 Sample Street,Chennai,India,901851,2024-08-18,SMS
8080,customer8080@example.com,9843647714,954 Sample Street,Kolkata,Singapore,910487,2025-06-05,Email
9432,customer9432@example.com,9625155740,63 Sample Street,Singapore,Singapore,496679,2024-07-11,Phone
8372,customer8372@example.com,9804531436,486 Sample Street,Chennai,India,596776,2024-12-26,Email
10870,customer10870@example.com,9427667622,530 Sample Street,Chennai,India,565196,2023-08-21,Email
4001,customer4001@example.com,9431025196,667 Sample Street,Kolkata,Singapore,434726,2023-01-01,Email
7270,customer7270@example.com,9208417993,843 Sample Street,Mumbai,India,438971,2024-08-01,Phone
8235,customer8235@example.com,9429710439,911 Sample Street,Mumbai,India,917766,2025-11-16,SMS
9405,customer9405@example.com,9850713251,469 Sample Street,Kolkata,India,725407,2024-04-03,Phone
